video,window,label,n_tracks,max_speed,mean_speed,max_decel,max_speed_drop,max_dir_change,max_iou,min_dist,flow_mean,flow_std,flow_peak,flow_change,ovif_0,ovif_1,ovif_2,ovif_3,ovif_4,ovif_5,ovif_6,ovif_7
1.mp4,0,0,37.0,0.4624643,0.15119424,0.16621877,0.665471,1.859354,0.5794046,0.193425,1.494895,0.5203258,2.6981754,1.8127704,0.0119532645,0.0138124395,0.22699562,0.2286885,0.19125555,0.27810463,0.027701374,0.021488603
1.mp4,1,0,36.0,0.49641433,0.14958552,0.17842108,0.7167859,2.542189,0.5794046,0.193425,1.5585809,0.49208608,2.6981754,1.8127704,0.014805533,0.014509936,0.22297621,0.21912381,0.18743715,0.29135862,0.028075248,0.021713497
1.mp4,2,0,39.0,0.5407576,0.1528445,0.19435892,0.6949936,2.5601273,0.5794046,0.193425,1.5288364,0.447565,2.560933,1.8127704,0.014115628,0.013320568,0.2044795,0.23703058,0.19110924,0.2879608,0.02952323,0.022460446
1.mp4,3,0,40.0,0.5436406,0.15193456,0.1923656,0.6770972,2.9135325,0.5794046,0.193425,1.5187516,0.5068924,2.9423704,1.8127704,0.011823824,0.01185637,0.18787935,0.24063256,0.20217665,0.30039608,0.02770934,0.017525816
1.mp4,4,0,39.0,0.6078006,0.14811148,0.21506843,0.65754676,0.40529937,0.5794046,0.193425,1.6303658,0.54846495,3.2547817,2.0948277,0.010333969,0.011431026,0.17900573,0.2663222,0.20383321,0.28699014,0.027200835,0.014882893
1.mp4,5,0,39.0,0.6078006,0.14771862,0.21506843,0.5852469,1.7735944,0.5794046,0.193425,1.657322,0.63729405,3.3558798,2.3060598,0.010469271,0.011879006,0.17365076,0.2902408,0.20251372,0.26795962,0.028533418,0.014753403
1.mp4,6,0,38.0,0.6078006,0.15136826,0.21506843,0.5852469,0.9851704,0.103679165,0.6714347,1.7211176,0.6327756,3.3558798,2.3060598,0.010853522,0.011690485,0.15968898,0.31292522,0.20167813,0.2586936,0.03019667,0.014273372
1.mp4,7,0,39.0,0.6078006,0.14803056,0.21506843,0.60302496,1.7530203,0.103679165,0.618474,1.6275052,0.65588355,3.3558798,2.3060598,0.008910716,0.011387248,0.15361391,0.29566967,0.21741608,0.26638904,0.032233886,0.014379473
1.mp4,8,0,39.0,0.4631527,0.14611715,0.19585015,0.676226,1.6957074,0.06441109,0.618474,1.5907838,0.6923377,3.3558798,2.3060598,0.009558969,0.0113552855,0.17236473,0.2559372,0.22973603,0.27724218,0.031001039,0.012804586
1.mp4,9,0,42.0,0.49965107,0.15141587,0.19697607,0.73868656,3.1248593,0.06441109,0.618474,1.584764,0.6486344,3.3558798,2.3060598,0.013322289,0.014201638,0.18953724,0.2617129,0.21795553,0.2601913,0.031803627,0.011275477
1.mp4,10,0,38.0,0.5716386,0.14987548,0.22535549,0.7059116,3.0249605,0.43559992,0.31381726,1.4975389,0.5627175,3.3558798,2.3060598,0.014051014,0.014153295,0.21640989,0.27042127,0.1970434,0.24333887,0.03236911,0.0122131305
1.mp4,11,0,39.0,0.5656586,0.14649239,0.24816138,0.72907805,1.7914875,0.43559992,0.31381726,1.5001965,0.48033187,2.5807428,1.8750317,0.013953728,0.0137476735,0.20965363,0.27682728,0.197622,0.24503377,0.03180317,0.011358734
1.mp4,12,0,39.0,0.5656586,0.14284998,0.27270183,0.6973802,3.0274966,0.43559992,0.31381726,1.4823737,0.5898544,3.576891,2.5142882,0.014952797,0.013755307,0.20383006,0.27525818,0.204055,0.24444339,0.030779952,0.0129253
1.mp4,13,0,42.0,0.5884966,0.1465997,0.29700214,0.6827948,1.223476,0.43559992,0.31381726,1.580692,0.58155817,3.576891,2.5142882,0.014289027,0.013596525,0.22599044,0.2990277,0.18244633,0.22324209,0.029106705,0.012301177
1.mp4,14,0,42.0,0.5669985,0.1439065,0.32255188,0.6728695,2.6235352,0.43559992,0.31381726,1.67435,0.57287544,3.576891,2.5142882,0.0146765495,0.015448676,0.24642202,0.3284422,0.14588,0.2089432,0.027707731,0.012479663
1.mp4,15,0,39.0,0.5669985,0.13269278,0.14058554,0.56888044,1.0554518,0.43559992,0.31381726,1.7826452,0.59384346,3.576891,2.5142882,0.016146496,0.013930889,0.25209245,0.31553963,0.14474317,0.21315262,0.028867798,0.015526951
1.mp4,16,0,39.0,0.49478236,0.14076354,0.2550835,0.61042297,0.39655912,0.2065799,0.48458558,1.8447242,0.58466834,3.576891,2.5142882,0.016528154,0.014429251,0.23834147,0.30113035,0.15750259,0.22069314,0.030589674,0.020785363
1.mp4,17,0,35.0,0.49478236,0.14288637,0.2550835,0.62250245,2.7900436,0.2065799,0.48458558,1.8570726,0.5940351,3.576891,2.5142882,0.016782388,0.01801407,0.25453144,0.27312413,0.16349007,0.22087501,0.031642776,0.021540118
1.mp4,18,0,37.0,0.441413,0.15231551,0.2275691,0.68238753,0.4472679,0.07714216,0.79260075,2.0159764,0.45654386,3.0148027,1.9319572,0.014445429,0.016433926,0.28256902,0.2711443,0.15853126,0.21147816,0.02821865,0.01717926
1.mp4,19,0,36.0,0.45406884,0.14333634,0.25988302,0.700205,3.0573943,0.07714216,0.7796715,1.996866,0.4346811,3.0148027,2.0165339,0.018934768,0.018831331,0.3052865,0.25902706,0.15208727,0.19955924,0.028166546,0.01810727
1.mp4,20,0,36.0,0.3922703,0.14188221,0.25988302,0.85546154,0.7308379,0.07162675,0.7796715,1.9797872,0.4125804,3.0148027,2.0165339,0.019010669,0.019048337,0.29812935,0.26146695,0.15232295,0.20036682,0.03020671,0.019448195
1.mp4,21,0,34.0,0.45963123,0.14608657,0.25988302,0.84266734,2.2869446,0.05964169,0.7796715,1.8669473,0.45890698,3.0148027,2.0165339,0.017679257,0.01976959,0.29569653,0.26547524,0.14875023,0.20287746,0.03161481,0.018136887
1.mp4,22,0,33.0,0.4673821,0.1443543,0.262362,0.83054006,2.3804383,0.07640225,0.7796715,1.8808459,0.52530026,3.1725,2.119056,0.01705827,0.019097557,0.30997443,0.26194745,0.14573485,0.20207308,0.02982752,0.014286858
1.mp4,23,0,34.0,0.4516154,0.1390813,0.25988302,0.7972366,2.3804383,0.11040479,0.7796715,1.8556314,0.54859966,3.1725,2.119056,0.020037562,0.015086036,0.28893173,0.26717433,0.14975873,0.2097044,0.031604793,0.017702434
1.mp4,24,0,38.0,0.4516154,0.1232096,0.19120917,0.76391673,3.0053623,0.11879448,0.7796715,1.7482457,0.49368915,3.1725,2.119056,0.021327356,0.015948134,0.27839285,0.25785974,0.15904811,0.2107765,0.033412557,0.023234755
1.mp4,25,0,38.0,0.4635844,0.12985224,0.20981586,0.7172922,0.73041505,0.19773163,0.65861934,1.741313,0.54529315,3.1725,2.119056,0.018937176,0.014742464,0.26794946,0.2531765,0.16450529,0.22132292,0.033627816,0.025738342
1.mp4,26,0,39.0,0.5098732,0.13545583,0.19844809,0.6437911,3.1215236,0.32427356,0.4176365,1.6685076,0.57092047,3.1725,2.119056,0.019237919,0.014978229,0.2740348,0.23268555,0.17944889,0.22053348,0.032517944,0.0265632
1.mp4,27,0,40.0,0.55367327,0.12840368,0.2066047,0.714127,1.1451974,0.32427356,0.4176365,1.6364094,0.550562,3.1725,2.119056,0.01600842,0.01328008,0.27111962,0.23159258,0.19327956,0.21796702,0.029685643,0.027067082
1.mp4,28,0,35.0,0.5885725,0.13423407,0.21962744,0.7648912,0.7298086,0.32427356,0.4176365,1.6142553,0.49960738,2.8910763,2.0532067,0.016113449,0.012746314,0.24683863,0.2418221,0.20389222,0.22120287,0.031595763,0.025788674
1.mp4,29,0,38.0,0.63086313,0.13168909,0.23540832,0.7092867,2.7801206,0.32427356,0.4176365,1.6447407,0.49915746,2.8035877,1.8936445,0.011546482,0.012872332,0.26943722,0.25848287,0.18823211,0.20926228,0.028602323,0.021564374
1.mp4,30,0,38.0,0.63086313,0.13041866,0.32019424,0.7176861,2.7428973,0.32427356,0.4176365,1.6817789,0.5117107,2.8035877,1.867388,0.011348359,0.015160022,0.27639046,0.27319804,0.16973129,0.20838374,0.027304083,0.018483998
1.mp4,31,0,39.0,0.49374834,0.122483134,0.29275092,0.6932668,2.9304252,0.32427356,0.4176365,1.7240136,0.5135843,2.8110058,1.867388,0.010202747,0.014382261,0.25162727,0.3063627,0.1682332,0.20255068,0.028045096,0.018596033
1.mp4,32,0,36.0,0.489644,0.11636412,0.30965084,0.68652254,0.80868566,0.09611236,0.6782917,1.7330737,0.49444285,2.8110058,1.867388,0.010127744,0.013643435,0.24989365,0.3178647,0.1572611,0.2032325,0.028575249,0.019401634
1.mp4,33,0,37.0,0.46945825,0.11549439,0.28293848,0.8474632,2.3909438,0.12582436,0.6782917,1.831522,0.46149424,2.8110058,1.867388,0.009029624,0.012953246,0.25904727,0.33178428,0.14446223,0.19820467,0.026627097,0.017891597
1.mp4,34,0,35.0,0.64094144,0.11666693,0.2498829,0.60929847,3.0881124,0.12798902,0.6782917,1.7821857,0.46992993,2.8110058,1.8599437,0.008814435,0.013858676,0.28669372,0.32254112,0.13998912,0.18404908,0.024851514,0.019202331
1.mp4,35,0,37.0,0.64094144,0.111322396,0.2498829,0.76426625,2.7431877,0.7923193,0.0053249276,1.6989228,0.5071327,2.8110058,1.9049878,0.009816717,0.014128704,0.2791176,0.31896526,0.15117244,0.18019484,0.025737658,0.020866768
1.mp4,36,0,39.0,0.64094144,0.10418661,0.23190223,0.7675239,2.9095678,0.85588616,0.0053249276,1.5620172,0.48672235,2.8110058,1.9372321,0.008887793,0.011930461,0.29635906,0.30388564,0.16375318,0.16677022,0.026099684,0.022313965
1.mp4,37,0,42.0,0.60950047,0.09986959,0.23065215,0.8422133,2.9095678,0.85588616,0.0053249276,1.5097122,0.43238464,2.7791302,1.9372321,0.009290928,0.011272437,0.28433517,0.28128743,0.19197506,0.16408943,0.031276997,0.026472563
1.mp4,38,0,39.0,0.5383644,0.098066464,0.20723116,0.8382156,2.9095678,0.85588616,0.0053249276,1.5180811,0.44430768,2.7791302,1.9372321,0.007764774,0.00969391,0.2614687,0.2889975,0.2171661,0.16135618,0.029310012,0.024242815
1.mp4,39,0,37.0,0.45143414,0.08174305,0.10875574,0.84902316,2.5028324,0.85588616,0.0053249276,1.4887352,0.46515873,2.7791302,1.9372321,0.0079407925,0.009550277,0.2261443,0.2965151,0.2490303,0.15555023,0.029850448,0.025418533
1.mp4,40,0,37.0,0.45143414,0.08586273,0.24435343,0.54431105,3.050166,0.85588616,0.0053249276,1.4207684,0.46768817,2.7791302,1.9372321,0.00800669,0.009231397,0.18239911,0.31210947,0.26330882,0.17153805,0.02954113,0.023865335
1.mp4,41,0,34.0,0.368851,0.08534316,0.17919269,0.81639934,2.0800579,0.85588616,0.012836003,1.360992,0.40306923,2.5889301,1.9372321,0.00800698,0.008953321,0.16262291,0.299104,0.28716734,0.18071747,0.02843384,0.024994127
1.mp4,42,0,30.0,0.368851,0.084832996,0.17919269,0.705135,2.8361702,0.61566365,0.1454788,1.3610551,0.42441484,2.5889301,1.4758023,0.008691385,0.009192165,0.14930294,0.29429716,0.2935611,0.18594389,0.032204505,0.02680684
1.mp4,43,0,30.0,0.39068216,0.084803216,0.17919269,0.69101596,2.7433274,0.61566365,0.1454788,1.3511968,0.4227099,2.5889301,1.4976412,0.008382441,0.008968235,0.16457339,0.28881064,0.29498938,0.18072458,0.02542627,0.02812511
1.mp4,44,0,31.0,0.4815963,0.0876194,0.17919269,0.72812724,2.711003,0.61566365,0.1454788,1.3175229,0.44586286,2.5889301,1.5947342,0.011535435,0.011618087,0.19111449,0.27111864,0.28374293,0.16875514,0.029981349,0.03213391
1.mp4,45,0,29.0,0.4815963,0.08376976,0.1846491,0.74004906,2.711003,0.13912772,0.53098065,1.1982393,0.38238937,2.0641358,1.5947342,0.012254483,0.0128629375,0.22531313,0.22810632,0.28075007,0.17255194,0.035735127,0.03242599
1.mp4,46,0,30.0,0.42718586,0.07743693,0.17397511,0.67661524,2.8265324,0.685787,0.14826223,1.259359,0.4058423,2.0641358,1.5947342,0.0140368845,0.014074953,0.24769427,0.2151284,0.27083644,0.16212325,0.039546225,0.036559578
1.mp4,47,0,28.0,0.41392288,0.07645112,0.16422635,0.7055428,3.0736082,0.685787,0.14826223,1.2578677,0.3975249,2.0641358,1.5947342,0.015097774,0.014218758,0.25263447,0.2294161,0.2525967,0.1503631,0.044963688,0.04070939
1.mp4,48,0,28.0,0.44407332,0.078019455,0.17362075,0.7443988,2.9056013,0.685787,0.14826223,1.2015499,0.4059975,2.0641358,1.5947342,0.015925245,0.014588379,0.24228287,0.24146628,0.24736503,0.15248543,0.045856576,0.04003018
1.mp4,49,0,31.0,0.3481426,0.07688582,0.18120387,0.79264534,2.5642545,0.685787,0.14826223,1.2207372,0.4689104,2.2581239,1.5947342,0.014857216,0.014759338,0.24997047,0.2621107,0.23102938,0.1490278,0.04696122,0.031283855
1.mp4,50,0,31.0,0.37176272,0.07679833,0.18714163,0.8671418,1.8674653,0.685787,0.14826223,1.337487,0.56011015,2.4170828,1.726588,0.012642392,0.012804559,0.23915634,0.28928906,0.22898947,0.14218058,0.04525447,0.029683147
1.mp4,51,0,32.0,0.51681024,0.084193215,0.43078685,0.91665053,0.90769714,0.685787,0.14826223,1.4772028,0.56182337,2.4170828,1.726588,0.016202474,0.012526089,0.24600461,0.3158955,0.21157187,0.12438713,0.040225923,0.033186387
1.mp4,52,0,31.0,0.44523942,0.08594803,0.37112904,0.9056554,2.4486809,0.29513058,0.5437944,1.4406207,0.555698,2.4170828,1.726588,0.016483221,0.0115288235,0.24474248,0.31927735,0.21210274,0.12169763,0.041022807,0.033144947
1.mp4,53,0,30.0,0.44523942,0.087095745,0.37112904,0.87782276,1.7666326,0.29513058,0.5437944,1.4189019,0.57587653,2.4170828,1.726588,0.01569535,0.011138526,0.2505777,0.3269819,0.21714169,0.11592166,0.03589307,0.026650105
1.mp4,54,0,31.0,0.44744095,0.08452197,0.3518439,0.7898356,1.7666326,0.29513058,0.5437944,1.5674044,0.53553,2.4170828,1.726588,0.015005406,0.011724763,0.22850993,0.3419818,0.2320533,0.10492669,0.040735215,0.025062902
1.mp4,55,0,31.0,0.44744095,0.083503366,0.11948872,0.79133826,2.5652199,0.29513058,0.5437944,1.488244,0.55707973,2.4170828,1.726588,0.016200356,0.0131135825,0.21051791,0.35120192,0.24118102,0.10140917,0.038761545,0.02761448
1.mp4,56,0,29.0,0.31294656,0.078175955,0.12778947,0.8318664,3.0217557,0.16824847,0.5990728,1.4085577,0.50201154,2.27495,1.6510696,0.016911741,0.017210204,0.20958343,0.3531441,0.2436915,0.09864199,0.035083275,0.02573375
1.mp4,57,0,27.0,0.325491,0.0790983,0.13764288,0.8377458,1.6442883,0.19258516,0.5888774,1.3818238,0.49674344,2.2407043,1.7288224,0.013403403,0.017825507,0.2076385,0.35509703,0.253125,0.096751966,0.033468083,0.022690523
1.mp4,58,0,29.0,0.35931447,0.07635752,0.1276074,0.8244533,3.0418792,0.9559647,0.012784195,1.3805107,0.49884844,2.2407043,1.7288224,0.012700728,0.02027039,0.22953562,0.3413571,0.2548048,0.09060354,0.030185685,0.020542141
1.mp4,59,0,28.0,0.3895382,0.07940944,0.14309008,0.6796664,2.5707626,0.96546835,0.012784195,1.332164,0.535741,2.2407043,1.7288224,0.017818177,0.02346146,0.22066672,0.31637767,0.26724684,0.09269949,0.032731775,0.028997848
1.mp4,60,0,31.0,0.41634876,0.08181184,0.1514504,0.7372205,2.5626385,0.97410065,0.011091628,1.1160885,0.5648452,2.2407043,1.7288224,0.019883139,0.024040906,0.24648902,0.2763959,0.27220756,0.1047543,0.023360683,0.032868516
1.mp4,61,0,28.0,0.44270742,0.08482171,0.13103019,0.78310734,1.3580614,0.97410065,0.011091628,1.049585,0.56181407,2.2407043,1.7288224,0.02116241,0.025599753,0.273474,0.24539854,0.270496,0.10277077,0.026074335,0.035024162
1.mp4,62,0,32.0,0.48578286,0.08482645,0.14377943,0.77734315,2.517371,0.97410065,0.011091628,0.95150715,0.48316506,2.1765418,1.7288224,0.021230223,0.021230223,0.28672388,0.22491187,0.27328473,0.1097864,0.026390374,0.036442302
1.mp4,63,0,36.0,0.31604272,0.081924886,0.12362565,0.50553936,3.0632396,0.97410065,0.011091628,0.9642189,0.49910024,2.5020947,1.5601002,0.02206905,0.019974787,0.2720101,0.26447076,0.25161645,0.10557521,0.02773779,0.03654589
1.mp4,64,0,36.0,0.32570702,0.08229098,0.12391043,0.6013267,1.1596909,0.97410065,0.0070522134,1.0280975,0.5482714,2.5020947,1.5601002,0.020477058,0.019325374,0.25776398,0.31196845,0.22379123,0.099543676,0.030600816,0.036529426
1.mp4,65,0,40.0,0.4374928,0.0813964,0.12391043,0.5981536,3.0900917,0.97410065,0.0017155098,1.1279683,0.5630771,2.5020947,1.5601002,0.015263293,0.017884184,0.2701731,0.327856,0.19653188,0.101876944,0.039266773,0.031147834
1.mp4,66,0,36.0,0.4608779,0.08279472,0.12174086,0.5196673,2.5730748,0.912077,0.0017155098,1.139673,0.54862195,2.5020947,1.5601002,0.01826952,0.02169529,0.24764688,0.31033957,0.18149489,0.13966621,0.04899333,0.03189431
1.mp4,67,0,33.0,0.4608779,0.08222125,0.13079505,0.5670041,1.1596909,0.912077,0.0017155098,1.1438953,0.5449759,2.5020947,1.5601002,0.01705199,0.018782144,0.21670124,0.27330735,0.18482319,0.20336588,0.054741066,0.031227129
1.mp4,68,0,34.0,0.4608779,0.079843216,0.14062825,0.5008887,1.3536589,0.912077,0.0017155098,1.2125487,0.56983787,2.5020947,1.5601002,0.016622623,0.018380886,0.21321414,0.27034903,0.1777771,0.21452166,0.058050152,0.03108441
1.mp4,69,0,33.0,0.4608779,0.08437154,0.1538916,0.45958567,0.56870484,0.912077,0.0017155098,1.1777819,0.5257989,2.1650681,1.4744396,0.016316222,0.018040894,0.20132998,0.2506604,0.17277062,0.24525118,0.05966822,0.035962492
1.mp4,70,0,30.0,0.24773063,0.08158394,0.15662202,0.45780566,1.4257737,0.87137645,0.0017155098,1.0958251,0.4938314,2.1650681,1.5436051,0.01749576,0.016292773,0.19470896,0.23673655,0.17536326,0.26594743,0.058236435,0.035218827
1.mp4,71,0,26.0,0.27090225,0.0835619,0.16661714,0.61041784,0.76302814,0.20032442,0.6606929,1.138186,0.4980092,2.1650681,1.5436051,0.01655499,0.0138618825,0.19037731,0.25096375,0.16718948,0.28288472,0.04707349,0.031094383
1.mp4,72,0,28.0,0.33161855,0.08513422,0.17528379,0.35847998,1.94781,0.20032442,0.6606929,1.411367,0.5667423,2.8323202,1.7124059,0.010866778,0.00791814,0.20563886,0.31469798,0.1500803,0.2515047,0.03557259,0.023720682
1.mp4,73,0,25.0,0.33161855,0.08489146,0.18523331,0.49948746,2.8740673,0.20032442,0.67839646,1.5700902,0.46682805,2.8323202,1.7124059,0.009610626,0.009385674,0.2122609,0.3735893,0.14042865,0.2076719,0.026855765,0.020197196
1.mp4,74,0,26.0,0.31959203,0.08618455,0.20643392,0.5153866,3.136371,0.9202827,0.0009576247,1.544233,0.45109552,2.8323202,1.7124059,0.011932498,0.010512197,0.18412822,0.35811335,0.15605506,0.22506319,0.029048597,0.02514689
1.mp4,75,0,31.0,0.28853938,0.090672106,0.10138666,0.5295956,1.0465721,0.9202827,0.0009576247,1.4774508,0.4940393,2.8323202,1.7124059,0.01259254,0.011456954,0.17971243,0.3316148,0.17166561,0.24098691,0.031142697,0.020828068
1.mp4,76,0,31.0,0.29985875,0.09366032,0.11753694,0.5295956,2.4146235,0.9202827,0.0009576247,1.4731919,0.5498809,2.8323202,1.7124059,0.011796362,0.01170762,0.1677955,0.30653426,0.19043106,0.25830927,0.033715665,0.019710258
1.mp4,77,0,30.0,0.32454255,0.10114593,0.13228042,0.5295956,2.8749325,0.9202827,0.0009576247,1.4806159,0.57096833,2.8323202,1.7124059,0.011957343,0.01138444,0.17562187,0.29805022,0.19376913,0.25429836,0.03446698,0.020451665
1.mp4,78,0,31.0,0.34909058,0.10453065,0.1396199,0.531414,1.0465721,0.9202827,0.0009576247,1.3471206,0.4996127,2.4855862,1.6970516,0.01533339,0.013995622,0.18924658,0.26567358,0.19672428,0.25883025,0.036484595,0.0237117
1.mp4,79,0,28.0,0.37414578,0.112910785,0.16457438,0.925161,3.091514,0.9202827,0.0009576247,1.2923458,0.47113213,2.4855862,1.6970516,0.0150658125,0.012921213,0.19823807,0.2437304,0.18951559,0.27879125,0.03736965,0.024368014
1.mp4,80,0,32.0,0.3670514,0.118752904,0.16942376,0.5912162,2.084821,0.9045038,0.009187302,1.2710327,0.4866054,2.4855862,1.6970516,0.01612002,0.014160978,0.2342637,0.22979696,0.16823187,0.27443418,0.037578598,0.025413688
1.mp4,81,0,29.0,0.38507316,0.12499714,0.17299631,0.574845,2.6827958,0.44245893,0.5074925,1.3682884,0.4846595,2.4855862,1.6970516,0.016929423,0.01584951,0.26292664,0.2355796,0.15771912,0.25710997,0.032290712,0.021595038
1.mp4,82,0,30.0,0.5238244,0.12999292,0.19103035,0.60413283,2.62832,0.14654495,0.67500734,1.5442302,0.49869376,2.6744747,1.9736457,0.017745845,0.016257547,0.28931805,0.2591979,0.14164506,0.23112494,0.024781141,0.019929549
1.mp4,83,0,28.0,0.5238244,0.1318216,0.20588954,0.57065547,3.0068371,0.14654495,0.67500734,1.6038487,0.5329877,2.7823734,1.9736457,0.01945502,0.017767113,0.30064273,0.25583446,0.14362642,0.21936496,0.02202152,0.021287786
1.mp4,84,0,32.0,0.45812872,0.13384281,0.3733629,0.5875862,2.5360394,0.20390622,0.6668447,1.6713219,0.5005953,2.7823734,1.9736457,0.016958255,0.016299829,0.29132456,0.24951604,0.15979719,0.2223173,0.023205714,0.020581113
1.mp4,85,0,32.0,0.50325763,0.13412912,0.28224343,0.6346158,2.308669,0.20390622,0.6668447,1.709923,0.4909905,2.7823734,1.9736457,0.019692691,0.016499199,0.2746831,0.25390553,0.17189543,0.2095053,0.025908541,0.027910203
1.mp4,86,0,30.0,0.5446804,0.14309788,0.28224343,0.7480917,2.0804234,0.20390622,0.6668447,1.6766405,0.5535898,2.7823734,1.9736457,0.01741546,0.017319359,0.2382065,0.25145054,0.19805093,0.22927202,0.026361944,0.021923238
1.mp4,87,0,34.0,0.5754954,0.14247786,0.28224343,0.6337586,3.033425,0.20390622,0.6539918,1.5863245,0.58358514,2.7823734,1.9736457,0.0154772345,0.01486526,0.20718211,0.25800315,0.21202365,0.23854658,0.031035865,0.022866152
1.mp4,88,0,34.0,0.43139562,0.14258172,0.1695942,0.6688925,1.5049334,0.20390622,0.6539918,1.4957052,0.5569879,2.7823734,1.7470143,0.0146942455,0.0145694595,0.18658465,0.24902911,0.21825276,0.25552404,0.03662909,0.024716645
1.mp4,89,0,35.0,0.53627306,0.14641452,0.20034908,0.8865907,2.892875,0.20390622,0.6539918,1.5063554,0.5778001,2.7330356,1.5906575,0.012735102,0.0139793195,0.17367998,0.24245316,0.21844159,0.27373675,0.040575963,0.024398126
1.mp4,90,0,34.0,0.4463075,0.15276697,0.1695942,0.6657462,2.6137269,0.05484057,0.6539918,1.4884478,0.5974314,2.8149748,1.9161515,0.01330321,0.01427962,0.1554685,0.27101234,0.2100393,0.27045655,0.040675737,0.02476476
1.mp4,91,0,34.0,0.43183446,0.14869203,0.1695942,0.6421699,0.93819404,0.06345098,0.6240231,1.5087732,0.6068972,2.8149748,1.9161515,0.01112103,0.013449781,0.1723657,0.29236826,0.20207562,0.2573695,0.03410312,0.017147003
1.mp4,92,0,34.0,0.45270303,0.14390428,0.15709282,0.65070945,2.3063133,0.1585882,0.6240231,1.7665801,0.61968285,3.0482495,2.201185,0.009847959,0.010548717,0.18870227,0.31899744,0.18433689,0.23526827,0.0351959,0.017102534
1.mp4,93,0,35.0,0.48514155,0.14524959,0.18484822,0.655159,1.838371,0.17193969,0.6240231,1.8504121,0.5701006,3.0482495,2.201185,0.012153989,0.012962357,0.20672028,0.30031168,0.18028037,0.23123604,0.037130862,0.01920444
1.mp4,94,0,35.0,0.54423714,0.15351886,0.21898754,0.7165433,0.8296506,0.17193969,0.6240231,1.917132,0.53190404,3.0482495,2.201185,0.011669706,0.014240996,0.22228912,0.31106028,0.17332566,0.21487336,0.03445014,0.018090766
1.mp4,95,0,34.0,0.6066842,0.16494307,0.23825422,0.73392326,2.6104162,0.17193969,0.6240231,1.8134998,0.52630436,3.0482495,2.201185,0.012935783,0.015544855,0.21227656,0.3190649,0.174408,0.21274151,0.034462847,0.018565573
1.mp4,96,0,36.0,0.6066842,0.17275327,0.26375523,0.79696316,0.8296506,0.17193969,0.6240231,1.7388586,0.54117525,3.0482495,2.201185,0.013792648,0.01688669,0.21524453,0.28056756,0.18223642,0.23380579,0.037491634,0.01997473
1.mp4,97,0,35.0,0.6066842,0.18717924,0.26804444,0.751486,1.232164,0.17193969,0.65289265,1.7132664,0.5392494,3.0482495,2.201185,0.013399817,0.018770557,0.21678506,0.23679318,0.19769911,0.25796074,0.04058994,0.018001592
1.mp4,98,0,34.0,0.62813365,0.19063787,0.26804444,0.70441085,0.16309755,0.17193969,0.65289265,1.5959798,0.40207738,2.5749764,1.9241803,0.016000291,0.02148827,0.21697365,0.21716152,0.20898865,0.26294416,0.0362249,0.02021855
1.mp4,99,0,31.0,0.6983898,0.19209804,0.2493045,0.6953125,1.2514926,0.11440145,0.7044936,1.5957732,0.41260943,2.5749764,1.8468474,0.015551757,0.019924352,0.20023116,0.22702019,0.21817409,0.26611668,0.03211563,0.02086614
1.mp4,100,0,31.0,0.7515185,0.18448378,0.26997536,0.71592027,2.7813652,0.08621617,0.7044936,1.4889565,0.3782815,2.2146003,1.8468474,0.01839741,0.018982476,0.17191133,0.21497646,0.22385965,0.2965181,0.03277594,0.02257864
1.mp4,101,0,29.0,0.575395,0.17498542,0.27790284,0.74695665,2.4662988,0.08621617,0.7044936,1.4749902,0.38991413,2.2146003,1.8090738,0.01864622,0.017346652,0.17184433,0.20602505,0.22300082,0.30212063,0.035100363,0.025915952
1.mp4,102,0,29.0,0.6120389,0.16687225,0.30323532,0.72115916,2.6522856,0.08621617,0.55378693,1.4997389,0.4334247,2.6407018,1.8090738,0.01650702,0.015398862,0.17825882,0.20891689,0.22495332,0.30262467,0.0313685,0.021971917
1.mp4,103,0,32.0,0.66851157,0.1625501,0.3312148,0.7241104,2.6420028,0.08621617,0.55378693,1.6702137,0.58788097,3.4070883,1.9210953,0.017347215,0.014636989,0.17223915,0.21336928,0.21802463,0.2980896,0.03882598,0.02746716
1.mp4,104,0,31.0,0.7266364,0.15061878,0.36001277,0.7132301,2.993647,0.3221154,0.4816541,1.6951874,0.60292584,3.4070883,2.6041384,0.015736014,0.013393129,0.17667292,0.20890966,0.21657202,0.29886848,0.042281583,0.027566204
1.mp4,105,0,32.0,0.44520333,0.14990449,0.17294723,0.7473175,2.588674,0.964085,0.0077514253,1.6516478,0.63614106,3.4070883,2.6041384,0.015229089,0.013156258,0.15784171,0.2083848,0.2231101,0.30944672,0.045353428,0.027477914
1.mp4,106,0,29.0,0.4741501,0.1519923,0.14798784,0.7605075,2.207696,0.964085,0.0077514253,1.6178281,0.65883815,3.4070883,2.6041384,0.012845666,0.012200682,0.16031884,0.18208326,0.2347769,0.3184837,0.05123567,0.028055271
1.mp4,107,0,32.0,0.5344055,0.1510179,0.16709857,0.68112546,2.235074,0.964085,0.0077514253,1.6401218,0.649339,3.4070883,2.6041384,0.011383074,0.011445439,0.15312359,0.16220213,0.24669763,0.33063778,0.053128935,0.031381413
1.mp4,108,0,32.0,0.5344055,0.1589123,0.18501164,0.6421653,2.352078,0.964085,0.0077514253,1.6964436,0.62253314,3.4070883,2.6041384,0.010911656,0.013085859,0.14828415,0.16638607,0.24062248,0.32865885,0.05910698,0.03294397
1.mp4,109,0,33.0,0.5344055,0.16274983,0.21268909,0.65599376,1.7687174,0.964085,0.0077514253,1.6081417,0.52611554,2.8242466,2.6041384,0.00948461,0.01184036,0.14112794,0.18252227,0.2444084,0.32543683,0.055558164,0.029621437
1.mp4,110,0,34.0,0.5600742,0.16692905,0.23798977,0.704839,1.7097033,0.964085,0.0077514253,1.5339326,0.52455723,2.8242466,1.925205,0.01034439,0.01305233,0.13691393,0.17767723,0.23995697,0.3391299,0.054271277,0.028653989
1.mp4,111,0,33.0,0.6315523,0.17409073,0.26221147,0.7530303,3.025233,0.96051675,0.008144191,1.6303563,0.6039592,3.6138678,2.234154,0.00916126,0.014331016,0.162584,0.18932301,0.22517964,0.31744102,0.05418497,0.02779507
1.mp4,112,0,34.0,0.65526336,0.17923547,0.28009582,0.771576,2.284789,0.52289927,0.21215278,1.6982487,0.54987216,3.6138678,2.2844522,0.009895059,0.015699966,0.1839424,0.21394762,0.21689853,0.2812311,0.04979241,0.028592905
1.mp4,113,0,34.0,0.6999001,0.18195672,0.299176,0.6868955,2.9746356,0.39000592,0.30410206,1.7719873,0.5420081,3.6138678,2.2844522,0.011130649,0.017767595,0.18105066,0.2439566,0.21509092,0.26157025,0.045662303,0.02377104
1.mp4,114,0,35.0,0.65183717,0.17548312,0.25297302,0.6644508,2.959165,0.39000592,0.30410206,1.7612216,0.5245509,3.6138678,2.2844522,0.012762667,0.0179824,0.20309481,0.23642586,0.2161979,0.25238964,0.038983766,0.022162965
1.mp4,115,0,35.0,0.62431246,0.18230404,0.24270631,0.81796205,2.9519622,0.39000592,0.30410206,1.7463518,0.5397778,3.6138678,2.2844522,0.013809344,0.019186245,0.21482015,0.23750974,0.2128217,0.2432705,0.036310077,0.022272252
1.mp4,116,0,34.0,0.59851223,0.17448004,0.23162685,0.71547157,1.4992831,0.1393832,0.6038737,1.7795745,0.57648814,3.6138678,2.6597033,0.014196178,0.01999753,0.19620241,0.25360462,0.21691006,0.23563555,0.040405694,0.023047948
1.mp4,117,0,34.0,0.5710815,0.17068024,0.20876399,0.6983478,0.62291783,0.24890642,0.5745307,1.6542757,0.5233499,2.8404055,2.6597033,0.013569141,0.019300668,0.18762101,0.22465359,0.22941236,0.26135266,0.043462016,0.020628553
1.mp4,118,0,33.0,0.5710815,0.167786,0.20876399,0.6775406,0.5210839,0.24890642,0.5745307,1.8124399,0.64320415,3.1882381,2.6597033,0.014451255,0.020115431,0.17148226,0.222433,0.23588803,0.2708723,0.04281091,0.021946818
1.mp4,119,0,32.0,0.53028613,0.16088375,0.20959009,0.71807414,1.7175099,0.24890642,0.5745307,1.7902398,0.74443996,3.658566,2.6597033,0.0155679425,0.020139221,0.17861022,0.21829048,0.23318581,0.27333927,0.04207898,0.018788075
1.mp4,120,0,32.0,0.5733544,0.15563576,0.2362219,0.66626483,2.587692,0.24890642,0.5745307,1.8631151,0.7992918,3.658566,2.6597033,0.014142795,0.018124182,0.14654937,0.25822017,0.2283961,0.27158353,0.042242255,0.020741602
1.mp4,121,0,35.0,0.49895453,0.16053,0.3508072,0.61336404,3.0662062,0.24890642,0.5745307,1.8262647,0.770469,3.658566,2.7274933,0.014487886,0.018044552,0.15105926,0.25785396,0.2187421,0.27728498,0.041807327,0.020719945
1.mp4,122,0,34.0,0.55180067,0.1748665,0.3508072,0.7009975,1.1661804,0.24890642,0.5745307,1.8965822,0.7188043,3.658566,2.7274933,0.013333073,0.01611335,0.16127837,0.27046973,0.20472647,0.26627424,0.042311475,0.025493303
1.mp4,123,0,30.0,0.6271291,0.17741884,0.35710573,0.8322758,1.2028693,0.21140061,0.63289994,1.9205782,0.7543716,3.658566,2.7274933,0.015178335,0.016254338,0.16369186,0.29083863,0.19876789,0.24926478,0.03652557,0.029478585
1.mp4,124,0,30.0,0.694849,0.1856855,0.35710573,0.7386427,1.2028693,0.21140061,0.63289994,1.7582939,0.72650665,3.658566,2.7274933,0.013607093,0.014609569,0.15926076,0.29011998,0.20265901,0.2543053,0.038316533,0.02712174
1.mp4,125,0,32.0,0.70844674,0.18404001,0.25865018,0.72106797,2.580588,0.21140061,0.6183561,1.6694804,0.65916365,3.5676343,2.7274933,0.013470006,0.014726777,0.1544715,0.27992302,0.20195635,0.26913938,0.0392675,0.027045475
10.mp4,0,0,29.0,0.7635873,0.25921002,0.4401501,0.42002591,0.7520932,0.119386524,0.89216673,2.6316495,0.7380352,3.9742785,2.6170285,0.16504605,0.3195846,0.062646955,0.03647007,0.33162597,0.047354143,0.018538136,0.018734079
10.mp4,1,0,29.0,0.712907,0.2513536,0.43175918,0.52098393,0.782052,0.119386524,0.89216673,2.6848304,0.5489655,3.9742785,1.7688859,0.20178515,0.32815447,0.060701486,0.04071096,0.28131527,0.042733844,0.020833643,0.02376519
10.mp4,2,0,30.0,0.712907,0.23437999,0.3229316,0.5601139,1.4900597,0.119386524,0.8602634,2.636979,0.4764531,3.8651915,1.7688859,0.21041383,0.32918775,0.064731665,0.039603032,0.23215328,0.044663355,0.034759663,0.044487443
10.mp4,3,0,31.0,0.712907,0.21146007,0.3043371,0.30610818,3.1156628,0.1604448,0.6821494,2.756121,0.57076013,3.8977516,1.7688859,0.19912547,0.3131985,0.06324164,0.03754954,0.25272086,0.05133155,0.03939806,0.04343439
10.mp4,4,0,29.0,0.69377637,0.19574013,0.29582807,0.44500825,2.7723951,0.1604448,0.6720229,2.8191607,0.6281214,4.24126,1.7688859,0.18971184,0.2972899,0.053696517,0.040673308,0.29271975,0.050357006,0.03678749,0.038764175
10.mp4,5,0,25.0,0.83191866,0.19811115,0.2272296,0.29445398,2.6987062,0.1604448,0.6720229,2.8407097,0.6425394,4.24126,1.7534161,0.15922318,0.30260563,0.048432626,0.034377262,0.33058926,0.052742347,0.03458122,0.037448455
10.mp4,6,0,27.0,0.7600142,0.19257914,0.6136811,0.15213905,2.9197724,0.1604448,0.6720229,2.8714032,0.6252652,4.24126,1.7534161,0.17956747,0.30974102,0.04800178,0.035295855,0.29951838,0.0541261,0.03521771,0.03853167
10.mp4,7,0,27.0,0.7600142,0.19594058,0.6136811,0.7951231,3.1220872,0.1604448,0.6720229,2.6962035,0.82553667,4.24126,1.7534161,0.17292407,0.29065856,0.05565094,0.03206667,0.3162284,0.059312534,0.03576914,0.0373897
10.mp4,8,0,25.0,0.7600142,0.19560178,0.6136811,0.5872747,2.7896452,0.1604448,0.6720229,2.5055804,0.79085296,4.24126,1.6388676,0.19658959,0.2963541,0.055267185,0.04022317,0.2991689,0.06142479,0.024547374,0.02642491
10.mp4,9,0,25.0,0.73465425,0.21151604,0.57330275,0.74780613,2.4773815,0.110674985,0.6720229,2.2940516,0.67700636,4.24126,1.6388676,0.21075688,0.30165842,0.062465776,0.03597761,0.27449542,0.059680507,0.023824252,0.03114113
10.mp4,10,0,22.0,0.73465425,0.20375289,0.17706864,0.765211,2.7876074,0.110674985,0.88859713,2.3783445,0.7607803,4.2180204,1.806952,0.20505078,0.2955357,0.06542555,0.031339463,0.27372816,0.06472874,0.027239839,0.03695176
10.mp4,11,0,25.0,0.73465425,0.18078123,0.1898083,0.7736975,2.4444423,0.110674985,0.88859713,2.3264132,0.7442793,4.2180204,1.806952,0.22099565,0.26862198,0.065218456,0.033215456,0.26553023,0.06946493,0.028472453,0.048480824
10.mp4,12,0,19.0,0.70717967,0.16403091,0.18917124,0.6697541,3.096887,0.106845915,0.88859713,2.3356862,0.7174541,4.2180204,1.806952,0.19587083,0.26219016,0.07359709,0.053342175,0.27655452,0.068653546,0.02466558,0.045126107
10.mp4,13,0,21.0,0.6992766,0.15219133,0.18425919,0.6697541,3.1236384,0.1576731,0.79589677,2.5222266,0.60219586,4.2180204,1.806952,0.17073493,0.2503614,0.06794909,0.05425695,0.32886988,0.065224454,0.02178268,0.04082061
10.mp4,14,0,18.0,0.6992766,0.15685262,0.18165879,0.7203119,3.0089493,0.1576731,0.79589677,2.615821,0.57832944,4.2180204,1.806952,0.14747968,0.2568745,0.06960967,0.04905937,0.3509004,0.06744981,0.0221501,0.036476433
10.mp4,15,0,18.0,0.51224744,0.15201159,0.184653,0.5093289,2.8939595,0.1576731,0.79589677,2.6966836,0.5365295,4.2180204,1.806952,0.13839379,0.27234346,0.058104064,0.052502863,0.36231914,0.06406758,0.019035904,0.03323321
10.mp4,16,0,18.0,0.51224744,0.15950848,0.13354091,0.032615732,2.0272055,0.1576731,0.71591145,2.629001,0.45128876,4.0011315,1.8058815,0.12816085,0.2769597,0.049649786,0.05171004,0.36793855,0.067371525,0.024011713,0.034197874
10.mp4,17,0,24.0,0.49335548,0.17267755,0.13354091,0.19799823,0.91444093,0.1576731,0.68728036,2.532942,0.48923728,4.0011315,1.8058815,0.12778336,0.30594546,0.0522679,0.04887763,0.3541733,0.063377276,0.025705278,0.021869792
10.mp4,18,0,24.0,0.49335548,0.1824601,0.12955286,0.28611526,3.0923412,0.23921853,0.37074992,2.5422711,0.5619944,4.0011315,2.092433,0.12777683,0.29158506,0.041061543,0.02680689,0.39367762,0.06308501,0.031084519,0.024922512
10.mp4,19,0,24.0,0.48754126,0.18670672,0.3322082,0.4395282,2.607006,0.23921853,0.37074992,2.4647543,0.5827352,4.0011315,2.092433,0.15734321,0.3281196,0.039510958,0.026690446,0.31911764,0.06540069,0.03457019,0.029247269
10.mp4,20,0,23.0,0.44496992,0.18202943,0.34514883,0.7705156,3.033509,0.23921853,0.37074992,2.5655317,0.72043884,4.6221685,2.775577,0.15176545,0.30985188,0.035176486,0.030508684,0.34864417,0.06320098,0.034404412,0.026447931
10.mp4,21,0,23.0,0.82958835,0.20273115,0.37201542,0.5264352,2.5684965,0.23921853,0.37074992,2.6300278,0.7412594,4.6221685,2.775577,0.15559809,0.30092582,0.04953426,0.031366877,0.34169254,0.06175549,0.033363108,0.025763826
10.mp4,22,0,25.0,0.93299735,0.20725904,0.36333367,0.6541204,2.5857055,0.23921853,0.37074992,2.5556276,0.679603,4.6221685,2.775577,0.17387462,0.2924395,0.053342648,0.03206945,0.32821792,0.06166149,0.0342076,0.02418679
10.mp4,23,0,25.0,0.88640726,0.22642533,0.35368207,0.4276608,1.4466118,0.23921853,0.37074992,2.6608808,0.62557745,4.6221685,2.775577,0.16343893,0.27338836,0.0566702,0.036436606,0.35448694,0.0598624,0.03183269,0.023883883
10.mp4,24,0,26.0,0.81751865,0.23614657,0.32286528,0.4652567,1.6829975,0.20999527,0.6018506,2.7139554,0.534755,4.6221685,2.775577,0.18516365,0.29940397,0.06787535,0.042732842,0.30294198,0.053449273,0.02597302,0.022459935
10.mp4,25,0,25.0,0.7230511,0.25199044,0.2512659,0.23548739,1.7669607,0.20999527,0.6018506,2.8806052,0.4620007,4.6221685,2.775577,0.21838713,0.29195678,0.06615868,0.03937115,0.2957096,0.047166318,0.022469563,0.018780781
10.mp4,26,0,24.0,0.6493318,0.25956407,0.24390574,-0.28147748,0.55981433,0.13422473,0.60944986,2.729312,0.35052773,3.4047394,1.610765,0.2593874,0.31065518,0.06634755,0.041334487,0.23596708,0.046946228,0.021230986,0.018131115
10.mp4,27,0,23.0,0.6031625,0.26102906,0.23670061,-0.057121873,2.0569983,0.110824175,0.60944986,2.5873585,0.35552663,3.2641447,1.610765,0.28588057,0.3227636,0.06487705,0.045717668,0.18777278,0.048743587,0.022740142,0.021504607
10.mp4,28,0,20.0,0.56070375,0.28656676,0.2309432,-0.59582704,3.0527964,0.110824175,0.60944986,2.7570715,0.5645288,4.2266088,1.835483,0.27527523,0.34004536,0.08172374,0.049983352,0.18499145,0.04011421,0.012732834,0.015133818
10.mp4,29,0,23.0,0.61247176,0.30018595,0.22961675,0.25432017,0.5093083,0.110824175,0.60944986,2.8675094,0.6160162,4.2266088,1.835483,0.26321232,0.35470346,0.08248606,0.043394048,0.17695618,0.046569422,0.016436106,0.01624242
10.mp4,30,0,22.0,0.61247176,0.304217,0.2350347,0.23243064,0.41297007,0.110824175,0.8605788,2.8903012,0.6207605,4.2266088,1.835483,0.24538143,0.3456226,0.070959136,0.033988316,0.21949685,0.052799545,0.01671707,0.01503506
10.mp4,31,0,19.0,0.61247176,0.30567724,0.24456508,-0.0075575206,1.6185715,0.0930014,0.8605788,2.7175114,0.6836134,4.2266088,1.835483,0.18653715,0.32812902,0.069605105,0.034007717,0.2790705,0.063743174,0.019956114,0.018951211
10.mp4,32,0,21.0,0.61247176,0.3070802,0.24853748,0.35665208,2.7567213,0.065958,0.8629836,2.7316384,0.6804752,4.2266088,1.835483,0.14903894,0.30513242,0.06902527,0.03209455,0.34591082,0.06241038,0.01874409,0.017643526
10.mp4,33,0,22.0,0.5929877,0.29794106,0.25213903,0.31276274,2.9786448,0.035250545,0.8980268,2.7580688,0.6702658,4.2266088,1.835483,0.11573423,0.27562568,0.058159515,0.024852674,0.423833,0.06994257,0.017907001,0.013945328
10.mp4,34,0,21.0,0.5929877,0.27119073,0.25517032,0.36997578,2.385219,0.035250545,1.0641322,2.6179695,0.5000034,3.902345,1.6256112,0.11696761,0.26403764,0.0427174,0.021024946,0.43663907,0.07651727,0.02058507,0.021510966
10.mp4,35,0,18.0,0.565226,0.26117638,0.24190535,0.36997578,0.7663082,0.035250545,1.0641322,2.578275,0.500408,4.398186,2.4449608,0.12225956,0.24627098,0.04626223,0.024000801,0.44218785,0.07235278,0.020960033,0.025705758
10.mp4,36,0,15.0,0.50232685,0.24677041,0.24328846,0.36997578,0.8660175,0.035250545,1.0641322,2.487454,0.5011479,4.398186,2.4449608,0.13173075,0.22924332,0.053428266,0.02981957,0.42261288,0.08038506,0.025574552,0.027205598
10.mp4,37,0,16.0,0.47200108,0.23308115,0.2297925,0.36997578,2.2910893,0.035250545,1.0641322,2.7171931,0.5888861,4.398186,2.4449608,0.12415561,0.22701277,0.057945672,0.029371077,0.43800303,0.07677682,0.021909285,0.024825731
10.mp4,38,0,19.0,0.42195082,0.20036702,0.2190559,0.3597589,0.7663082,0.04301265,1.0904653,2.6593153,0.68296844,4.398186,2.4449608,0.14757356,0.22458465,0.07276522,0.03182037,0.3881896,0.07856043,0.023878586,0.03262756
10.mp4,39,0,19.0,0.39313257,0.15533042,0.34202403,0.47115397,2.2002556,0.1237739,0.738331,2.5037093,0.82149744,4.398186,2.4449608,0.15434007,0.22256932,0.09736053,0.03321736,0.34581596,0.078366384,0.030206269,0.038124107
10.mp4,40,0,16.0,0.37015504,0.14068037,0.33578464,0.61665016,1.1663604,0.13291872,0.7208392,2.275092,0.9203155,4.398186,2.4449608,0.1677207,0.20518687,0.09839209,0.03910536,0.31201896,0.08572921,0.044754997,0.047091786
10.mp4,41,0,18.0,0.3665217,0.112358,0.34824538,0.6740138,2.6747906,0.13291872,0.7208392,1.9801849,0.8601916,4.0125513,1.8406991,0.18651688,0.19840625,0.09528403,0.042621832,0.302128,0.091313,0.040134743,0.0435953
10.mp4,42,0,20.0,0.37271914,0.11032475,0.3541338,0.65278786,3.0615218,0.13291872,0.7208392,1.778067,0.9088037,4.0125513,1.8406991,0.20315382,0.20232882,0.10251565,0.04987625,0.27162296,0.08343747,0.037643768,0.049421284
10.mp4,43,0,22.0,0.38987994,0.10847275,0.3704389,0.8302349,2.3672674,0.13291872,0.7208392,1.5187922,0.5559875,3.061581,1.6698955,0.2322568,0.18753885,0.10103637,0.05146956,0.24356551,0.08864308,0.045082644,0.05040719
10.mp4,44,0,21.0,0.7332854,0.12862867,0.1923658,0.61607635,2.7020285,0.13291872,0.7208392,1.4605552,0.41669768,2.741933,1.272067,0.23991755,0.19193724,0.10521801,0.04852128,0.22881955,0.086770445,0.04802512,0.050790817
10.mp4,45,0,24.0,0.7332854,0.14964955,0.0910867,0.29982752,1.6602818,0.13291872,0.7208392,1.5572318,0.46043563,2.741933,1.4844203,0.25414422,0.19352528,0.0878922,0.064929456,0.21956421,0.08712475,0.043082718,0.049737148
10.mp4,46,0,25.0,0.7980742,0.17480771,0.37522283,0.29982752,2.6872122,0.13091908,0.7600908,1.6952894,0.49818859,2.741933,1.4844203,0.26098257,0.22556232,0.084457874,0.061712913,0.20730712,0.08330471,0.032307357,0.044365115
10.mp4,47,0,27.0,0.7980742,0.1813679,0.35835037,0.10801982,1.9980674,0.13091908,0.7600908,1.8114909,0.4747351,2.741933,1.4844203,0.26712674,0.2492312,0.08303002,0.06089709,0.17906351,0.07855238,0.03697731,0.045121744
10.mp4,48,0,29.0,0.81451,0.20645782,0.35835037,0.55063134,1.1459144,0.13142075,0.6918519,2.1008341,0.4633192,3.2856648,1.4844203,0.24800445,0.3088577,0.08005329,0.054004274,0.16031449,0.07315452,0.035996016,0.03961524
10.mp4,49,0,27.0,0.81451,0.21611731,0.32070568,0.28454524,2.062581,0.13142075,0.66806483,2.2554696,0.4888606,3.3029294,1.4844203,0.23555623,0.34003565,0.08331099,0.061603528,0.13895485,0.06694125,0.033607453,0.03999005
10.mp4,50,0,28.0,0.81451,0.22423849,0.28321102,0.31747267,1.7042682,0.13142075,0.66806483,2.5189226,0.6000258,4.0562963,1.6704749,0.20927121,0.34602305,0.07095976,0.060498793,0.17957899,0.07041623,0.030820243,0.032431725
10.mp4,51,0,27.0,0.81451,0.2277895,0.29561186,0.44005632,2.6926649,0.13142075,0.66806483,2.8501518,0.79171544,4.6356797,1.7890267,0.17738083,0.3523202,0.06484679,0.043879945,0.23745118,0.06668388,0.028869014,0.028568158
10.mp4,52,0,22.0,0.81451,0.24344763,0.36101982,0.8114911,2.9055398,0.13142075,0.66806483,2.9614594,0.7412809,4.6356797,1.7890267,0.14719473,0.3477647,0.06960078,0.044791836,0.28142983,0.063191175,0.024364306,0.021662649
10.mp4,53,0,23.0,0.7872537,0.23644517,0.36101982,0.85688657,1.0188408,0.13142075,0.53030205,3.1491215,0.6721017,4.6356797,2.0448976,0.107177846,0.32222453,0.07970144,0.04182437,0.3366034,0.0728304,0.020455835,0.01918218
10.mp4,54,0,26.0,0.7872537,0.24178739,0.34588456,0.19680531,2.9496536,0.10833017,0.53030205,3.228308,0.6710269,4.6356797,2.1675973,0.09181358,0.27516752,0.0760762,0.04499862,0.39035064,0.078206226,0.023809705,0.019577486
10.mp4,55,0,26.0,0.7872537,0.2604522,0.3269375,0.7283518,1.6925923,0.10833017,0.53030205,3.2489586,0.70251024,4.6356797,2.1675973,0.08259144,0.26135278,0.08136798,0.048610188,0.40318704,0.07843467,0.024905546,0.019550376
10.mp4,56,0,23.0,0.96836764,0.26039153,0.27200478,0.60043323,2.3526244,0.10833017,0.53030205,3.2003858,0.69056815,4.6356797,2.1675973,0.06795603,0.27164528,0.087147444,0.04846906,0.40932572,0.072992936,0.023863219,0.018600296
10.mp4,57,0,21.0,0.96836764,0.23519225,0.16586618,0.60043323,2.67876,0.10833017,0.53030205,2.875359,0.6931931,4.1312585,2.1675973,0.075374566,0.28266874,0.092469215,0.04878687,0.37301043,0.07819758,0.02882814,0.020664487
10.mp4,58,0,19.0,0.96836764,0.24526013,0.16586618,0.45347238,3.0310965,0.10833017,0.53030205,2.7827778,0.7424241,4.1312585,2.1675973,0.079981156,0.27521878,0.10241867,0.046270218,0.35195926,0.07904409,0.037159856,0.027947983
10.mp4,59,0,21.0,0.96836764,0.25263268,0.16586618,0.45347238,2.951744,0.08003965,0.6147772,2.766118,0.6739621,4.1312585,2.1675973,0.082958505,0.30711234,0.08786132,0.04808079,0.32450706,0.07244692,0.041021157,0.03601193
10.mp4,60,0,19.0,0.89457566,0.24338005,0.113379985,0.14777714,0.7494883,0.01690788,1.0476754,2.6901379,0.61136764,3.8196099,1.9611057,0.08117139,0.3210992,0.09470169,0.054201946,0.30547228,0.06881051,0.037705135,0.036837842
10.mp4,61,0,19.0,0.89457566,0.21606019,0.10080061,0.33428922,2.2705014,0.01690788,0.67684525,2.6986182,0.59247255,3.7670615,1.9378061,0.07795933,0.32288712,0.09762165,0.047056865,0.30240002,0.071731254,0.03949118,0.04085258
10.mp4,62,0,21.0,0.89457566,0.21792077,0.1847619,0.08281332,1.1441774,0.03431017,0.67684525,2.593806,0.56641865,3.7670615,1.9378061,0.07451068,0.3188805,0.088461496,0.048578657,0.30580595,0.08033379,0.04065461,0.0427743
10.mp4,63,0,20.0,0.64370155,0.20957845,0.1847619,0.3308337,0.73534703,0.058419403,0.67684525,2.6578093,0.48106837,3.7670615,1.9378061,0.06376842,0.31613776,0.09050577,0.05066024,0.33140242,0.074276984,0.033803035,0.03944538
10.mp4,64,0,20.0,0.64370155,0.22472003,0.1847619,0.08281332,3.0584416,0.058419403,0.67684525,2.683002,0.41921237,3.7670615,1.7971779,0.06569709,0.34062314,0.089762315,0.05223382,0.3196563,0.07430798,0.025522823,0.03219653
10.mp4,65,0,18.0,0.64370155,0.24285606,0.1847619,0.08281332,2.852249,0.058419403,0.67684525,2.6730745,0.41853184,3.7670615,1.7102714,0.06977379,0.34190068,0.115585595,0.055604335,0.28653994,0.069808595,0.027857047,0.032929994
10.mp4,66,0,16.0,0.64370155,0.25175992,0.2945469,0.08281332,2.1712813,0.058419403,0.67684525,2.6773849,0.41474,3.7670615,1.681885,0.066474125,0.33946347,0.13396074,0.047910012,0.2846126,0.07158271,0.026273144,0.029723208
10.mp4,67,0,20.0,0.7029055,0.26737857,0.2945469,0.050884366,2.5778544,0.09131449,0.63458306,2.6672482,0.40710318,3.9387486,1.7451534,0.05934578,0.35446912,0.13113534,0.054305576,0.29144064,0.06748535,0.019724684,0.0220935
10.mp4,68,0,18.0,0.66025853,0.27114815,0.43523684,0.057044674,1.2261597,0.09131449,0.59614223,2.7647653,0.40490782,3.9387486,1.7451534,0.085243866,0.36551532,0.13784868,0.053920068,0.25363624,0.060065016,0.019036563,0.02473422
10.mp4,69,0,19.0,0.6544242,0.2704805,0.4115678,0.35419628,2.5651805,0.09131449,0.59614223,2.773555,0.38311306,3.9387486,1.7802751,0.10310246,0.3719314,0.13469666,0.058311943,0.22012687,0.057716366,0.025110468,0.029003825
11.mp4,0,0,17.0,0.28737953,0.047276754,0.09816343,0.116308324,1.5543809,0.075666785,0.7130731,0.6454946,0.22918865,0.9239778,0.5484038,0.38412005,0.2802787,0.07879087,0.029247835,0.1300639,0.029063044,0.016710283,0.05172532
11.mp4,1,0,16.0,0.27138802,0.047205243,0.094678566,0.11899449,2.6485727,0.075666785,0.7130731,0.6779368,0.19739394,0.93556577,0.4868255,0.36613014,0.28512073,0.0968447,0.03862296,0.13286178,0.020741276,0.012669904,0.047008518
11.mp4,2,0,14.0,0.20625265,0.046724893,0.17766581,0.19119242,2.6485727,0.5425006,0.22961605,0.7107642,0.22539206,1.0805215,0.582355,0.33780727,0.30539078,0.12002171,0.043996327,0.1347879,0.011900468,0.0076102205,0.038485304
11.mp4,3,0,11.0,0.18616307,0.04686657,0.14174783,0.47888446,2.6485727,0.5425006,0.22961605,0.7616258,0.24314742,1.1965255,0.6554358,0.30813298,0.3163459,0.14223702,0.050286017,0.1385353,0.008577191,0.005103142,0.030782437
11.mp4,4,0,13.0,0.20188592,0.046323314,0.10173204,0.5225984,2.6485727,0.5425006,0.22961605,0.8052302,0.2474274,1.1965255,0.6554358,0.27860954,0.3216698,0.15621044,0.058907293,0.15149167,0.0064129033,0.0030739114,0.02362443
11.mp4,5,0,15.0,0.14915422,0.044139348,0.08364242,0.40300027,2.6485727,0.5425006,0.22961605,0.83845985,0.254642,1.1965255,0.6554358,0.24479774,0.33168605,0.16843027,0.07012026,0.1545159,0.005913945,0.0032216853,0.021314155
11.mp4,6,0,15.0,0.15520678,0.042900752,0.07990658,0.5611362,1.4692429,0.5425006,0.22961605,0.8627501,0.2544882,1.1965255,0.671022,0.22136162,0.33113158,0.17346075,0.08218938,0.16171612,0.0058616917,0.0032946568,0.020984184
11.mp4,7,0,14.0,0.14699425,0.042664878,0.119697995,0.57802105,0.8266497,0.5425006,0.22961605,0.8651672,0.25309438,1.1965255,0.671022,0.20616993,0.33846253,0.17472115,0.08823198,0.16202399,0.006851454,0.0034438812,0.020095056
11.mp4,8,0,14.0,0.16393769,0.0438222,0.14961804,0.49675998,0.6172789,0.106252655,0.7710543,0.8542305,0.24724843,1.1965255,0.671022,0.20862453,0.3292953,0.16780749,0.10067049,0.16041888,0.00646342,0.003402188,0.023317704
11.mp4,9,0,14.0,0.14981015,0.041561957,0.13672452,0.5286603,2.9262457,0.91662455,0.00445294,0.8227402,0.23797844,1.1253071,0.671022,0.20894894,0.3361068,0.15160234,0.11590545,0.15495345,0.0062624165,0.0032496152,0.022970963
11.mp4,10,0,13.0,0.14404623,0.040028065,0.13146406,0.5366039,1.795678,0.91662455,0.00445294,0.78905433,0.23366173,1.1253071,0.671022,0.20875783,0.34083575,0.13504353,0.13160945,0.1474112,0.0072727064,0.003859935,0.025209596
11.mp4,11,0,12.0,0.15432405,0.040334065,0.14084414,0.4992828,1.7764536,0.91662455,0.00445294,0.73810655,0.22021595,1.1253071,0.671022,0.21708544,0.34685746,0.11036347,0.1390622,0.14583737,0.008326884,0.0048445864,0.027622607
11.mp4,12,0,11.0,0.1630576,0.039521948,0.14881481,0.67828393,1.9305195,0.91662455,0.00445294,0.6877804,0.21383806,0.9710701,0.5364346,0.23918004,0.36517534,0.084496476,0.13007872,0.13886718,0.009802679,0.0051201307,0.02727942
11.mp4,13,0,13.0,0.16488934,0.040771026,0.15048656,0.5790606,1.9305195,0.91662455,0.00445294,0.6528764,0.21187761,0.9710701,0.5364346,0.26433954,0.36538562,0.06890602,0.11703231,0.1388214,0.009140126,0.005565463,0.030809525
11.mp4,14,0,11.0,0.19180782,0.044369414,0.17169647,0.29008347,0.77692497,0.91662455,0.00445294,0.6178755,0.18569717,0.8896823,0.5364346,0.28624612,0.370714,0.05376453,0.1041219,0.1413396,0.009138353,0.005470155,0.029205328
11.mp4,15,0,11.0,0.1905569,0.049548212,0.16350228,0.12510355,3.1129587,0.09860104,0.82372993,0.60639995,0.18381394,0.8633462,0.5105407,0.29487425,0.36427954,0.05745831,0.08924264,0.14936443,0.009519441,0.0055251643,0.029736219
11.mp4,16,0,12.0,0.18617198,0.05135655,0.1545445,0.1462453,2.8114514,0.10355455,0.80342114,0.61701375,0.18554106,0.8880107,0.47624043,0.29781985,0.35344583,0.07481078,0.078126244,0.15712889,0.008644479,0.0049505667,0.025073335
11.mp4,17,0,13.0,0.18617198,0.054600596,0.15033908,0.41914764,0.58667743,0.14655268,0.738357,0.6574621,0.21821156,1.0539995,0.5298622,0.29840773,0.34892467,0.09358583,0.066501535,0.16062133,0.007470399,0.003854912,0.020633597
11.mp4,18,0,12.0,0.18617198,0.054327644,0.15569545,0.65344477,2.1481378,0.1587224,0.738357,0.7158252,0.23213767,1.1550306,0.6274357,0.29699463,0.33060813,0.10882301,0.06450803,0.16856132,0.006453024,0.0036127365,0.020439133
11.mp4,19,0,13.0,0.19409393,0.053242,0.16781889,0.6520695,1.5971513,0.1587224,0.738357,0.75596267,0.22648528,1.1550306,0.6274357,0.2949619,0.3302874,0.1124028,0.067331016,0.17008235,0.0056281555,0.0029390522,0.016367331
11.mp4,20,0,13.0,0.1777278,0.049524505,0.08637449,0.64802426,1.9837046,0.1587224,0.738357,0.77897227,0.22576647,1.1550306,0.6274357,0.2878042,0.32959422,0.11770616,0.069405384,0.17170757,0.005258466,0.003125365,0.015398656
11.mp4,21,0,14.0,0.17067167,0.04747023,0.084185526,0.66534305,2.036,0.1587224,0.738357,0.77403075,0.22551206,1.1550306,0.6274357,0.2867381,0.33918312,0.112372935,0.06644604,0.17050244,0.0059414087,0.0036956389,0.015120319
11.mp4,22,0,14.0,0.15921956,0.045980748,0.08905676,0.88298607,2.6167095,0.1587224,0.738357,0.7625175,0.23404658,1.1550306,0.6274357,0.29307595,0.35736272,0.10137581,0.05906025,0.16246921,0.0058780257,0.0037936321,0.01698442
11.mp4,23,0,18.0,0.1673036,0.045025703,0.08793318,0.55623996,1.9611968,0.89318275,0.004080343,0.7312802,0.21998677,1.1550306,0.6274357,0.30332625,0.35666558,0.093031,0.060550395,0.15962708,0.0054789037,0.0036083322,0.01771244
11.mp4,24,0,18.0,0.16003825,0.04558186,0.08739374,0.38058642,1.7637984,0.89318275,0.004080343,0.68480027,0.20412326,1.0444878,0.54829437,0.30603644,0.35978115,0.094910085,0.06271211,0.15026031,0.0057041524,0.0035056574,0.01709008
11.mp4,25,0,19.0,0.1479525,0.04347807,0.08812424,0.32954696,3.0115724,0.89318275,0.004080343,0.6519748,0.19296573,0.9323903,0.52973723,0.30451563,0.35335004,0.10078274,0.064258195,0.14679664,0.00662723,0.004963324,0.018706167
11.mp4,26,0,18.0,0.13911204,0.043833245,0.08756256,0.37373748,2.229005,0.89318275,0.004080343,0.6292354,0.17851184,0.8716154,0.5176167,0.31012702,0.34979427,0.110589825,0.0590928,0.14077497,0.006368725,0.0044917255,0.018760657
11.mp4,27,0,18.0,0.15970328,0.043791667,0.08643469,0.77849734,1.074118,0.89318275,0.004080343,0.6272397,0.18040507,0.8716154,0.5176167,0.3210421,0.3365806,0.123165384,0.057922307,0.1332496,0.0057669226,0.0039637126,0.018309373
11.mp4,28,0,19.0,0.15518266,0.046530854,0.084021084,0.6728242,2.3082793,0.89318275,0.004080343,0.62125164,0.17072058,0.7966057,0.45665506,0.33125243,0.3168072,0.13677679,0.057115763,0.13002923,0.005557139,0.004001587,0.018459836
11.mp4,29,0,18.0,0.14862707,0.04780367,0.080058835,0.7970287,1.5207943,0.23146987,0.54796433,0.624698,0.17486872,0.80285406,0.45665506,0.338521,0.3111254,0.14609201,0.053099237,0.12042339,0.0061171944,0.0048841713,0.019737583
11.mp4,30,0,18.0,0.23255084,0.047879577,0.14966927,0.82045454,1.856677,0.18185283,0.6305488,0.6260926,0.17721781,0.80285406,0.45665506,0.3513212,0.30956352,0.14308986,0.049595032,0.11243861,0.0055742874,0.0050740307,0.023343474
11.mp4,31,0,16.0,0.22125873,0.04748921,0.14044578,0.7332476,0.6813663,0.18185283,0.6305488,0.63531333,0.18009944,0.80285406,0.44427326,0.36319837,0.31169838,0.13945812,0.048054498,0.10264434,0.005066363,0.003927995,0.025951931
11.mp4,32,0,15.0,0.21194004,0.04735136,0.13339835,0.4996808,2.8207312,0.18185283,0.6305488,0.6520085,0.18984582,0.92114,0.44427326,0.36531535,0.31027207,0.1371354,0.05193617,0.09789272,0.00494272,0.0039864113,0.028519137
11.mp4,33,0,14.0,0.22600566,0.04582996,0.12620069,0.7512037,2.765297,0.18185283,0.6305488,0.66681314,0.19116339,0.92114,0.5083426,0.36105403,0.3174307,0.13666826,0.05258086,0.09548692,0.0041885828,0.003748736,0.028841907
11.mp4,34,0,13.0,0.20196918,0.04579159,0.1188816,0.52946275,0.9572357,0.18185283,0.6370328,0.6732291,0.19440493,0.92114,0.5083426,0.35438687,0.32925287,0.13188623,0.052039582,0.094818115,0.0042515458,0.0035101469,0.029854646
11.mp4,35,0,13.0,0.18607622,0.045407154,0.11465629,0.34620622,2.416785,0.13525061,0.72648597,0.6715811,0.1970833,0.92114,0.5083426,0.35085198,0.3328362,0.12430915,0.05452326,0.099334955,0.003699466,0.0027214033,0.031723574
11.mp4,36,0,13.0,0.16208012,0.044493124,0.08248624,0.28138098,1.997744,0.14461726,0.71706104,0.6646988,0.1957431,0.92114,0.5083426,0.34392086,0.33028665,0.11681938,0.056428205,0.11084552,0.006248933,0.0038586308,0.03159183
11.mp4,37,0,13.0,0.1480286,0.046660632,0.10251723,0.35575843,2.765114,0.14726682,0.71236813,0.6465529,0.19823958,0.92114,0.5083426,0.3337347,0.32564723,0.11245094,0.05454923,0.12912615,0.007011339,0.004593435,0.032886982
11.mp4,38,0,14.0,0.15638933,0.04686886,0.09670105,0.4806002,3.0909817,0.14726682,0.71236813,0.61966395,0.18970084,0.90696114,0.5288312,0.33970684,0.3193565,0.09639839,0.055305693,0.14386724,0.008183117,0.0050248955,0.032157343
11.mp4,39,0,16.0,0.1503558,0.043768264,0.092970304,0.5124272,1.1848269,0.14726682,0.71236813,0.5855641,0.18081926,0.83817106,0.5288312,0.34691682,0.31549272,0.074024595,0.057559207,0.15857817,0.00919888,0.005844202,0.03238539
11.mp4,40,0,14.0,0.15186672,0.043649897,0.12755895,0.4592306,1.9581321,0.16429526,0.6224387,0.55540085,0.17263351,0.83817106,0.5288312,0.3466664,0.30706185,0.056752287,0.0646312,0.1717751,0.011761024,0.00791585,0.0334363
11.mp4,41,0,14.0,0.14635356,0.044432234,0.122928225,0.4732092,2.1282413,0.57941234,0.20762299,0.5270935,0.1505444,0.8154404,0.5288312,0.34824872,0.3119107,0.043732993,0.06357706,0.17968506,0.012589976,0.008386885,0.031868618
11.mp4,42,0,15.0,0.17619942,0.045205954,0.13055308,0.5344798,1.164579,0.57941234,0.20762299,0.5193745,0.14867505,0.8154404,0.5288312,0.35667464,0.3268937,0.034294084,0.06010462,0.17560056,0.0102772545,0.007382687,0.028772464
11.mp4,43,0,14.0,0.17489049,0.042843398,0.12958325,0.4103862,1.8281081,0.57941234,0.20762299,0.5212142,0.14973617,0.8154404,0.5288312,0.36459917,0.3373096,0.025594361,0.05868579,0.16952603,0.010292172,0.0074233664,0.026569529
11.mp4,44,0,13.0,0.17602524,0.044126146,0.13042404,0.27509663,1.1609133,0.57941234,0.20762299,0.5250608,0.15045132,0.7147641,0.40137953,0.36250836,0.34361467,0.028895134,0.05442086,0.1646487,0.010680052,0.007149591,0.028082639
11.mp4,45,0,12.0,0.17960767,0.042635728,0.1330784,0.33234286,1.228607,0.57941234,0.20762299,0.5428214,0.16137646,0.7735484,0.42976058,0.3725216,0.33898062,0.03974639,0.04820843,0.15399817,0.010241095,0.0067220507,0.029581638
11.mp4,46,0,13.0,0.18574883,0.043695975,0.13762861,0.30692703,1.8100896,0.57941234,0.20762299,0.57063353,0.17059274,0.8229331,0.4461639,0.38504818,0.33583507,0.053072132,0.04016741,0.14402975,0.009159091,0.005095944,0.027592415
11.mp4,47,0,13.0,0.19510844,0.044398047,0.14456353,0.6261399,1.7613558,0.55170137,0.22293812,0.61157894,0.19367085,0.8771026,0.47407204,0.38579926,0.33380517,0.06518371,0.035791345,0.13601741,0.009370856,0.0046536475,0.02937862
11.mp4,48,0,13.0,0.1751386,0.04364509,0.10604779,0.6646843,1.628707,0.44114727,0.25131035,0.6499782,0.20645277,1.0060543,0.5582961,0.3717764,0.32717648,0.08389085,0.036966216,0.13296983,0.010367574,0.005013444,0.03183921
11.mp4,49,0,14.0,0.19389775,0.045738034,0.10666144,0.27410027,0.8080567,0.44114727,0.25131035,0.68704814,0.21433991,1.0236071,0.5604842,0.37100756,0.3233161,0.10136113,0.033452038,0.123747915,0.009777154,0.0044890824,0.032849025
11.mp4,50,0,14.0,0.18066446,0.047229946,0.101038836,0.35191944,0.7223504,0.51631093,0.25131035,0.726107,0.22275667,1.0236071,0.5604842,0.36501843,0.32972586,0.11687115,0.031088285,0.11361207,0.008516967,0.004153461,0.031013753
11.mp4,51,0,15.0,0.16612104,0.048862543,0.09467138,0.3016269,0.8751769,0.51631093,0.25131035,0.7438207,0.22042653,1.0236071,0.5604842,0.3509295,0.34784228,0.12078223,0.030111369,0.10804537,0.00808554,0.0040581543,0.030145558
11.mp4,52,0,18.0,0.19322088,0.05039646,0.121105686,0.23228227,2.9721928,0.51631093,0.22940801,0.75196946,0.22308916,1.0236071,0.5604842,0.3460921,0.36630377,0.11434631,0.03090827,0.102663346,0.006815643,0.0037206337,0.029149901
11.mp4,53,0,18.0,0.18627255,0.050402332,0.11962876,0.40014163,3.0824986,0.51631093,0.22940801,0.7324444,0.22296582,1.0236071,0.5604842,0.35022524,0.38010755,0.10424439,0.029256715,0.100220375,0.005930869,0.0036829354,0.026331928
11.mp4,54,0,18.0,0.18183796,0.050134517,0.14380442,0.9215418,2.987617,0.51631093,0.22940801,0.70968026,0.22100571,1.0236071,0.5604842,0.3582902,0.3913499,0.09159885,0.027652081,0.0959602,0.005713696,0.0036833854,0.025751669
11.mp4,55,0,19.0,0.17303135,0.048710003,0.15000425,0.86159664,2.3871999,0.51631093,0.22940801,0.6887,0.21477409,0.9537259,0.52445966,0.36297798,0.39653236,0.08427964,0.02940389,0.0951209,0.0056496477,0.0035550324,0.02248056
11.mp4,56,0,18.0,0.17151055,0.04968077,0.15365426,0.33352476,2.6062367,0.47818238,0.22940801,0.67603636,0.20620385,0.8891937,0.49121162,0.3729972,0.39180666,0.08254968,0.031302553,0.091595545,0.0051900246,0.003908235,0.02065008
11.mp4,57,0,19.0,0.19837181,0.0503475,0.11699372,0.36288372,1.4879525,0.47818238,0.22940801,0.6795167,0.21013401,0.9757966,0.5534836,0.37727523,0.37777355,0.09078205,0.036699645,0.089996204,0.005283132,0.0035302194,0.018659981
11.mp4,58,0,19.0,0.18677285,0.050444867,0.110153,0.5237114,1.1061071,0.47818238,0.28259614,0.6840262,0.20960857,0.9757966,0.5534836,0.37279263,0.3656503,0.105309315,0.039925184,0.091201045,0.004951682,0.0033176783,0.016852163
11.mp4,59,0,19.0,0.22705598,0.04948905,0.2139705,0.7034432,1.240216,0.47818238,0.28259614,0.7153805,0.2200288,0.9757966,0.5534836,0.36221337,0.35676283,0.118264526,0.046933193,0.090415925,0.004834078,0.003926511,0.016649572
11.mp4,60,0,18.0,0.22377239,0.048630342,0.21087614,0.38251057,1.3628176,0.41823447,0.31294954,0.74266106,0.22189249,1.0024427,0.5534836,0.3613025,0.34724504,0.13032554,0.04846785,0.091426656,0.004063369,0.0038103762,0.01335869
11.mp4,61,0,19.0,0.22850318,0.04918431,0.2153343,0.79545635,1.284686,0.45788452,0.31294954,0.7631654,0.21486373,1.0024427,0.5534836,0.35376778,0.34868336,0.13211848,0.051386204,0.093264215,0.0035271212,0.0038137652,0.013439066
11.mp4,62,0,20.0,0.23658165,0.05008915,0.2229472,0.5275933,2.7622788,0.65950185,0.14995584,0.773948,0.21782178,1.0024427,0.5534836,0.34402823,0.35400912,0.12524149,0.050241753,0.1025037,0.0043476573,0.004390039,0.015237991
11.mp4,63,0,19.0,0.24531935,0.047354627,0.23118132,0.5869369,2.7935886,0.65950185,0.14995584,0.7748425,0.21353963,1.0024427,0.54459167,0.3386915,0.3707788,0.105725706,0.04563144,0.11412974,0.0041120844,0.004556443,0.016374277
11.mp4,64,0,20.0,0.23694052,0.048507854,0.22328538,0.5034498,3.092949,0.65950185,0.14995584,0.7776926,0.21590142,1.0024427,0.54459167,0.3338877,0.39037198,0.085011885,0.04048439,0.124309845,0.0045304806,0.004615861,0.016787859
11.mp4,65,0,19.0,0.21259442,0.05064357,0.099122405,0.5435821,3.0485513,0.65950185,0.14995584,0.77766687,0.21686801,1.0024427,0.54612696,0.33242854,0.40279433,0.0719795,0.033485092,0.13454199,0.0044890977,0.00415821,0.016123239
11.mp4,66,0,23.0,0.20247765,0.050821897,0.15095948,0.6022972,0.90530956,0.66703033,0.114170775,0.7778775,0.21841097,0.9909319,0.54612696,0.32818535,0.41373354,0.060305886,0.029879201,0.14417644,0.004205586,0.0035313545,0.015982635
11.mp4,67,0,21.0,0.1915738,0.051504347,0.1423561,0.70158905,2.626512,0.66703033,0.114170775,0.78989756,0.22807567,1.0655318,0.60428166,0.31566015,0.41996187,0.06530279,0.027584441,0.1479142,0.004656821,0.0034454593,0.015474283
11.mp4,68,0,20.0,0.18049373,0.052085992,0.12722602,0.5561112,2.161209,0.66703033,0.114170775,0.8186116,0.24903232,1.2014338,0.60428166,0.29347324,0.4271743,0.07958091,0.028865663,0.15003495,0.004356277,0.0032872416,0.013227396
11.mp4,69,0,19.0,0.19124627,0.052976698,0.121236004,0.3169376,1.6117908,0.66703033,0.114170775,0.8591332,0.2653661,1.2292395,0.64439166,0.26878437,0.4255706,0.104855806,0.031373154,0.15161012,0.0042353165,0.0030745384,0.010496072
11.mp4,70,0,19.0,0.19743827,0.05500978,0.116872646,0.3496924,0.6987589,0.66703033,0.114170775,0.9031911,0.2795232,1.3363541,0.7565416,0.25269377,0.41882744,0.124488555,0.034105655,0.15216066,0.0038895719,0.0030558475,0.010778496
11.mp4,71,0,19.0,0.20523398,0.056089245,0.121487275,0.30274248,1.1164529,0.66703033,0.114170775,0.94396913,0.29380196,1.3363541,0.7565416,0.23400965,0.41681966,0.14460686,0.034135364,0.15425827,0.004174003,0.0026085377,0.009387653
11.mp4,72,0,17.0,0.209961,0.057199676,0.124285415,0.27480698,2.2318327,0.5862669,0.16523978,0.9639091,0.2910132,1.3363541,0.7565416,0.21000059,0.41609412,0.1639395,0.035102535,0.15997499,0.003926205,0.0025420217,0.008420012
11.mp4,73,0,21.0,0.209961,0.058235645,0.17947194,0.57926756,2.5490787,0.5862669,0.16523978,0.9640096,0.29429567,1.3363541,0.7565416,0.1976598,0.4164999,0.16956358,0.03680654,0.16594985,0.004393429,0.0024548373,0.006672031
11.mp4,74,0,20.0,0.19455221,0.057311796,0.1699029,0.6389752,2.9032683,0.5862669,0.16523978,0.9365514,0.29172218,1.3363541,0.7565416,0.20352954,0.41051877,0.16812582,0.03491314,0.16818278,0.004843229,0.0022801394,0.007606589
11.mp4,75,0,20.0,0.18500338,0.055983473,0.1615639,0.6389752,2.9032683,0.33930564,0.49900332,0.8877964,0.29357532,1.3363541,0.7565416,0.22361358,0.40101457,0.16148135,0.03438224,0.16176182,0.0054916595,0.0026308359,0.009623961
11.mp4,76,0,20.0,0.19713701,0.05340783,0.15240167,0.6389752,2.9032683,0.33930564,0.49900332,0.81678015,0.28614712,1.2551306,0.6706554,0.24243143,0.38823077,0.16107102,0.033056606,0.15646204,0.006025513,0.003023103,0.009699514
11.mp4,77,0,17.0,0.1877083,0.051085483,0.1420464,0.6389752,2.9032683,0.368151,0.3700089,0.7450318,0.24805151,1.1737214,0.64204127,0.26209173,0.37295222,0.16386913,0.035915576,0.14491975,0.006065219,0.0034812978,0.010705085
11.mp4,78,0,18.0,0.17933846,0.04903657,0.13639715,0.6389752,2.9032683,0.368151,0.3700089,0.6906679,0.22784391,1.1029927,0.6375373,0.2898693,0.35027552,0.16990842,0.03578224,0.13095616,0.006358357,0.0038073228,0.01304269
11.mp4,79,0,18.0,0.16673887,0.042728446,0.13644053,0.4969902,2.5720968,0.368151,0.3700089,0.6528233,0.2068277,1.0137527,0.54448014,0.31373549,0.33119336,0.17452513,0.03686606,0.120025836,0.0057346015,0.003938177,0.013981334
11.mp4,80,0,14.0,0.22347717,0.047097854,0.13881573,0.8420049,2.0848172,0.368151,0.3700089,0.630303,0.18705541,0.8815569,0.5025195,0.32356983,0.32481986,0.17977524,0.039800838,0.10735637,0.0058959657,0.00425323,0.014528655
11.mp4,81,0,13.0,0.21561259,0.045690466,0.14221586,0.89113057,2.037308,0.368151,0.3700089,0.6312964,0.18244578,0.86962986,0.4492759,0.32113642,0.32351944,0.19292432,0.041537732,0.09747973,0.005689695,0.004216393,0.013496283
11.mp4,82,0,13.0,0.23512277,0.045908753,0.18593065,0.85037106,2.5322137,0.368151,0.3700089,0.65357465,0.18785737,0.8927751,0.5121204,0.31147262,0.33112752,0.20306586,0.04346041,0.0888974,0.005106875,0.003844015,0.013025304
11.mp4,83,0,13.0,0.23657748,0.047754493,0.18708102,0.809853,3.0576727,0.18521248,0.5934499,0.6711724,0.19585618,0.8927751,0.5121204,0.3067138,0.3341776,0.20517834,0.043816257,0.08608518,0.006114885,0.0044346214,0.013479334
11.mp4,84,0,11.0,0.23892854,0.046389304,0.18894018,0.85663307,2.6133845,0.18521248,0.5890224,0.6924346,0.19679666,0.9309968,0.5121204,0.2926869,0.35532176,0.2004322,0.046927627,0.08229939,0.0057087736,0.0041818833,0.012441462
11.mp4,85,0,12.0,0.24190608,0.04641894,0.19129476,0.77003604,3.1131685,0.22029305,0.53960466,0.71262705,0.19804598,0.9309968,0.5121204,0.27082282,0.37413457,0.19466317,0.050663788,0.086495064,0.00584568,0.0043405048,0.013034411
11.mp4,86,0,14.0,0.23766777,0.043797255,0.18794319,0.6925624,2.641615,0.22029305,0.53960466,0.729574,0.20595162,0.9309968,0.5121204,0.25526518,0.38768655,0.1805814,0.05873226,0.09510744,0.00680044,0.0035613372,0.01226538
11.mp4,87,0,16.0,0.15781733,0.04196846,0.09731808,0.5243224,2.8576355,0.22029305,0.53960466,0.73754495,0.21289575,0.93423206,0.5121204,0.2400057,0.40355933,0.16065882,0.066226736,0.10735406,0.006626748,0.0031855805,0.012383018
11.mp4,88,0,18.0,0.17122152,0.04016001,0.11216162,0.67949194,3.127157,0.51183903,0.26658,0.7365493,0.2152416,0.93423206,0.5116254,0.23469815,0.40351716,0.14025909,0.075155236,0.120083496,0.0083406735,0.004056592,0.013889597
11.mp4,89,0,17.0,0.16854647,0.040126354,0.11040929,0.45965582,2.5674784,0.51183903,0.26658,0.7452841,0.21794847,0.9353791,0.5116254,0.22650957,0.4121342,0.124810494,0.08437965,0.12569927,0.008076628,0.003979122,0.014411065
11.mp4,90,0,17.0,0.16724704,0.040997464,0.10955807,0.45965582,2.1485288,0.51183903,0.26658,0.7593494,0.21981329,0.9761709,0.5116254,0.21623996,0.41506448,0.11902338,0.09323551,0.12861635,0.009076131,0.004316313,0.0144278705
11.mp4,91,0,17.0,0.16676833,0.040754475,0.10924448,0.45965582,2.3841891,0.51183903,0.26658,0.7716855,0.22272566,0.99806464,0.5427011,0.2172168,0.4134957,0.118216924,0.098588176,0.124047846,0.009518953,0.0041686334,0.0147469705
11.mp4,92,0,15.0,0.16333562,0.04131796,0.106995836,0.76260746,1.4556167,0.51183903,0.26658,0.7920891,0.23202741,1.068719,0.5427011,0.21097766,0.41169825,0.12685741,0.10181127,0.12233567,0.008243016,0.003997237,0.014079462
11.mp4,93,0,14.0,0.15304522,0.040282264,0.09941391,0.8725409,2.2289124,0.51183903,0.26658,0.8068815,0.23344149,1.068719,0.5766684,0.2112027,0.40876815,0.13012893,0.103234485,0.12113172,0.008190321,0.0041055717,0.013238126
11.mp4,94,0,12.0,0.15064222,0.04062798,0.10640823,0.84381735,2.3128393,0.19140317,0.64996445,0.8155992,0.23364277,1.068719,0.5766684,0.20745714,0.4185838,0.13216396,0.09980657,0.12038196,0.007091959,0.003523756,0.010990848
11.mp4,95,0,13.0,0.14775509,0.040470894,0.114604205,0.62870765,2.8746405,0.20353003,0.56672657,0.8094636,0.23145233,1.068719,0.5766684,0.19755097,0.43435887,0.131417,0.091178074,0.12562113,0.0068350793,0.0032264972,0.00981239
11.mp4,96,0,13.0,0.22189797,0.041131757,0.120498896,0.70953405,2.8746405,0.23979391,0.56672657,0.7850091,0.2332067,1.068719,0.5766684,0.1997777,0.45183453,0.11490433,0.0796519,0.13436319,0.0070493454,0.0032567596,0.009162249
11.mp4,97,0,13.0,0.20469226,0.042213775,0.11115555,0.6367438,3.02045,0.49096444,0.2653156,0.7516736,0.23529741,1.068719,0.5766684,0.2001891,0.46859896,0.10141071,0.06431562,0.14757545,0.007623519,0.0031907477,0.0070958994
11.mp4,98,0,14.0,0.1937058,0.043034375,0.105189495,0.4874735,1.4940032,0.49096444,0.2653156,0.70331854,0.21533358,1.0480697,0.5766684,0.20428124,0.47917402,0.08879003,0.049960118,0.1584791,0.008596798,0.0038595882,0.0068591065
11.mp4,99,0,15.0,0.17917266,0.044450656,0.09729745,0.44651598,1.2053896,0.49096444,0.2653156,0.6615505,0.20026727,0.95987576,0.5213033,0.20733929,0.48628923,0.08301794,0.036771186,0.16430089,0.0091293575,0.004388622,0.008763474
11.mp4,100,0,17.0,0.18919216,0.043978572,0.15292932,0.39272642,0.8746444,0.49096444,0.222987,0.63741964,0.18804957,0.9274331,0.49624106,0.20737575,0.49194264,0.0807482,0.028539045,0.1662967,0.009461378,0.004406159,0.011230117
11.mp4,101,0,16.0,0.18919216,0.046044137,0.15292932,0.42340103,2.0908968,0.49096444,0.222987,0.6166167,0.17596555,0.78999484,0.43325618,0.21569201,0.48331714,0.08145571,0.025357267,0.16472752,0.009725005,0.0053682807,0.014357076
11.mp4,102,0,16.0,0.18919216,0.044585835,0.15292932,0.62920153,2.0908968,0.49096444,0.222987,0.59830064,0.17662165,0.7860335,0.43325618,0.20414181,0.48260498,0.09224831,0.028254034,0.16388555,0.008867468,0.0049960325,0.015001812
11.mp4,103,0,14.0,0.18919216,0.0450204,0.15292932,0.7334589,1.3940767,0.309952,0.222987,0.57569027,0.18244338,0.785,0.42901245,0.19207111,0.48038054,0.10243553,0.032266572,0.1613828,0.008612543,0.005458007,0.017392902
11.mp4,104,0,15.0,0.18919216,0.045285817,0.15292932,0.8182225,0.8746444,0.309952,0.222987,0.5483581,0.17939977,0.785,0.42901245,0.18460983,0.4878986,0.10138479,0.036726948,0.1544105,0.009773175,0.0062336684,0.018962516
11.mp4,105,0,15.0,0.119693264,0.04261625,0.05894479,0.4638253,2.6442661,0.309952,0.222987,0.51940954,0.17805852,0.785,0.42901245,0.17464449,0.5012269,0.08840341,0.03892611,0.15706675,0.012020995,0.0076260446,0.020085294
11.mp4,106,0,16.0,0.1382748,0.041770544,0.07759554,0.39620683,2.8474007,0.5523355,0.29809794,0.48640066,0.1653667,0.7849613,0.42901245,0.16135831,0.5130568,0.07991024,0.04074394,0.16023113,0.015723929,0.009019522,0.019956086
11.mp4,107,0,17.0,0.13897334,0.037692085,0.078474015,0.30333045,2.327886,0.6343743,0.29809794,0.4568033,0.13992271,0.66701156,0.42901245,0.14061771,0.5232807,0.07582924,0.04482129,0.1695242,0.01768503,0.009683533,0.01855831
11.mp4,108,0,14.0,0.1552975,0.03913557,0.07963156,0.3316611,2.3276103,0.65064687,0.29809794,0.43696246,0.13118261,0.6657361,0.42901245,0.13005838,0.51441115,0.08140833,0.04539293,0.17773151,0.019799437,0.010504581,0.020693677
11.mp4,109,0,14.0,0.16764404,0.038145766,0.08721552,0.54569495,2.6879478,0.65064687,0.29809794,0.42475075,0.12276408,0.5531629,0.31594938,0.13325275,0.50089335,0.08391797,0.044942368,0.18142484,0.021537302,0.011414595,0.022616796
11.mp4,110,0,13.0,0.16659032,0.039948616,0.08666734,0.3094337,2.6291099,0.65064687,0.29809794,0.41097423,0.11696095,0.55232346,0.3158896,0.13352996,0.47811198,0.10012622,0.04315913,0.18582538,0.020755535,0.011298807,0.027193
11.mp4,111,0,13.0,0.16532761,0.0390759,0.08601042,0.44256878,1.0075133,0.65064687,0.29809794,0.40791607,0.11664632,0.55232346,0.3158896,0.13274063,0.4544915,0.13369343,0.044853598,0.17849445,0.018635336,0.009773257,0.027317809
11.mp4,112,0,14.0,0.16557433,0.040345546,0.08613878,0.8104619,1.5510316,0.65064687,0.29961663,0.40100265,0.117349036,0.55232346,0.3158896,0.13937762,0.42910337,0.1642892,0.04535305,0.1682815,0.01608144,0.009255141,0.028258678
11.mp4,113,0,13.0,0.16645074,0.042401258,0.08659472,0.8102221,0.48051408,0.65064687,0.3072333,0.3862813,0.10787731,0.51939577,0.28953558,0.15594912,0.40583044,0.18152623,0.050148275,0.15474723,0.014947374,0.007655494,0.029195825
11.mp4,114,0,12.0,0.17503165,0.03867413,0.082655236,0.51552874,2.878077,0.19924572,0.6218909,0.37934062,0.10478111,0.49910796,0.28953558,0.1772385,0.38383466,0.19185677,0.05160334,0.14272907,0.015087408,0.008283758,0.029366484
11.mp4,115,0,13.0,0.18329734,0.039381173,0.08428813,0.5012721,0.73988277,0.19924572,0.6218909,0.3766181,0.10079042,0.49533656,0.2756226,0.18805152,0.363037,0.19867875,0.05257453,0.14182536,0.015981276,0.00943623,0.030415343
11.mp4,116,0,12.0,0.18329734,0.038479593,0.129915,0.55779034,1.8042454,0.21497338,0.6218909,0.3842705,0.10673863,0.5230013,0.29664263,0.19695906,0.34152243,0.19967738,0.053529233,0.14691329,0.019847844,0.011158827,0.030391943
11.mp4,117,0,14.0,0.31289157,0.041613337,0.12369025,0.28500488,1.209794,0.90303314,0.009533142,0.38622913,0.11230565,0.5523607,0.32887474,0.21842164,0.31842005,0.19188344,0.05289605,0.15470697,0.020755794,0.011855623,0.031060424
11.mp4,118,0,14.0,0.31409883,0.042850964,0.12283676,0.78284407,1.5291393,0.90303314,0.009533142,0.38480175,0.11253568,0.5523607,0.32887474,0.24018414,0.28867328,0.17755936,0.054589715,0.16561152,0.022329643,0.015779983,0.03527236
11.mp4,119,0,14.0,0.31469348,0.0454611,0.12798291,0.4906513,1.720115,0.90303314,0.009533142,0.3811521,0.11161493,0.5523607,0.32887474,0.2640717,0.2525564,0.16731228,0.048370313,0.18212101,0.024132302,0.018224316,0.043211687
11.mp4,120,0,16.0,0.31313992,0.044918265,0.13360019,0.41594028,1.7341069,0.90303314,0.009533142,0.37099582,0.11355973,0.5523607,0.32887474,0.29453987,0.21356322,0.14703892,0.04462768,0.20291546,0.0257083,0.01907732,0.052529223
11.mp4,121,0,16.0,0.30299369,0.046294328,0.072295226,0.18163662,1.9056519,0.90303314,0.009533142,0.36089694,0.11397773,0.5523607,0.32887474,0.3123052,0.18477446,0.12154453,0.041647587,0.21911365,0.03494978,0.025487835,0.06017693
11.mp4,122,0,18.0,0.15863848,0.048972055,0.08388329,0.39244422,1.3783121,0.90303314,0.009533142,0.3442948,0.10409632,0.5523607,0.32887474,0.34490007,0.16552782,0.09786329,0.040693488,0.22753918,0.03355078,0.025481516,0.064443864
11.mp4,123,0,16.0,0.15863848,0.047606815,0.07829179,0.22645606,1.3783121,0.74852544,0.13488297,0.3303469,0.092887536,0.48789632,0.31239903,0.37100095,0.1449526,0.075574346,0.04134852,0.23460591,0.035075963,0.027417995,0.07002373
11.mp4,124,0,15.0,0.15863848,0.047605485,0.08749755,0.56231433,1.3783121,0.74852544,0.13488297,0.31929934,0.084772184,0.4203216,0.23362619,0.3864119,0.13940106,0.05913591,0.040857814,0.23965241,0.035649106,0.02719741,0.07169439
2.mp4,0,0,36.0,0.70042413,0.22229521,0.35104674,0.2800239,0.17989434,0.99511516,0.001988095,3.660573,0.9568826,5.2033896,4.317596,0.08857642,0.23426658,0.38590688,0.084604114,0.033357434,0.03324386,0.062108204,0.0779365
2.mp4,1,0,37.0,0.6286398,0.22253284,0.32196116,0.2800239,0.17989434,0.9535237,0.0025498085,4.0696487,0.92922115,6.226662,2.2191136,0.09925887,0.2363811,0.38851252,0.09091159,0.029189426,0.026128847,0.053693283,0.07592435
2.mp4,2,0,35.0,0.56544656,0.21953793,0.29112425,0.2800239,0.28307658,0.9535237,0.0025498085,4.142667,0.9632469,6.226662,2.347554,0.09699863,0.25312254,0.3742794,0.0875056,0.031470846,0.025036296,0.0527948,0.07879187
2.mp4,3,0,35.0,0.55205584,0.2179599,0.2594513,0.24994932,0.48414463,0.94856155,0.013213518,4.204126,0.88651437,6.226662,2.347554,0.08791113,0.30547488,0.37079892,0.08312121,0.03030271,0.020601407,0.040471386,0.061318364
2.mp4,4,0,36.0,0.6547071,0.22741696,0.24915044,0.5452102,0.44292507,0.94856155,0.013213518,4.3253155,0.8137063,6.226662,2.347554,0.077963255,0.31878304,0.3651616,0.07605599,0.036552038,0.027034156,0.037657358,0.060792558
2.mp4,5,0,36.0,0.60797864,0.23459841,0.18455714,0.2825939,0.27273247,0.94856155,0.013213518,4.2736144,0.8497396,6.226662,2.3962286,0.066660576,0.32807955,0.3623274,0.07016367,0.04217808,0.034221724,0.04461093,0.051758073
2.mp4,6,0,40.0,0.55765814,0.23254105,0.39790988,0.46464375,0.17749728,0.87540984,0.009001184,4.126297,0.8277909,6.226662,2.3962286,0.065240055,0.34224427,0.37068114,0.05607166,0.0397576,0.03166403,0.043276425,0.05106483
2.mp4,7,0,39.0,0.6327449,0.23790036,0.34625795,0.39790174,0.534268,0.87540984,0.009001184,4.0982924,0.75440395,5.6268587,2.3962286,0.06783723,0.36900565,0.37782913,0.041262124,0.033622082,0.029478695,0.037094586,0.043870524
2.mp4,8,0,39.0,0.72721964,0.23932937,0.33908072,0.27267304,0.42274293,0.87540984,0.009001184,4.3405643,0.92323875,6.2660003,2.450166,0.07682173,0.372193,0.37589577,0.03968369,0.029414317,0.031252548,0.037259012,0.037479915
2.mp4,9,0,40.0,0.7498922,0.24394387,0.30925092,0.30659756,0.37039456,0.87540984,0.009001184,4.5290074,0.8198249,6.2660003,2.450166,0.09536437,0.3554891,0.35439917,0.04384309,0.032766916,0.033456773,0.040160436,0.044520125
2.mp4,10,0,38.0,0.72320706,0.24074055,0.27935764,0.26589522,0.2712949,0.87540984,0.009001184,4.544609,0.81060725,6.2660003,2.450166,0.098335356,0.3722389,0.35044396,0.0469473,0.025668476,0.025671031,0.03733759,0.043357395
2.mp4,11,0,36.0,0.6997732,0.23868747,0.24590214,0.24841987,0.2002568,0.87540984,0.009001184,4.549566,0.8071995,6.2660003,2.450166,0.106043346,0.38690615,0.33690923,0.051286504,0.021136148,0.019016659,0.02677705,0.051924903
2.mp4,12,0,35.0,0.6997732,0.24059375,0.16501404,0.37318617,0.12056134,0.25013974,0.555637,4.6751466,0.7826882,6.2660003,2.450166,0.103527404,0.37254217,0.33802807,0.059882104,0.02059187,0.021272037,0.029645815,0.05451053
2.mp4,13,0,34.0,0.6580529,0.2412333,0.15517595,0.24841987,0.15141113,0.25013974,0.555637,4.804726,0.9392251,6.6711206,2.450166,0.10680529,0.37091622,0.31799585,0.064814635,0.020649435,0.024844782,0.03657043,0.05740335
2.mp4,14,0,36.0,0.6027807,0.24426205,0.18719189,0.24841987,0.25223586,0.25013974,0.555637,5.007092,1.2692758,8.356063,3.581876,0.11497103,0.36721948,0.31133512,0.06563828,0.028259922,0.023682013,0.038537163,0.050356988
2.mp4,15,0,32.0,0.6027807,0.24237064,0.18719189,0.24726383,0.30231798,0.25013974,0.555637,4.977695,1.2884645,8.356063,3.581876,0.110124856,0.36419234,0.33363453,0.062146485,0.026027288,0.02212332,0.036660857,0.045090336
2.mp4,16,0,33.0,0.65228105,0.24593346,0.18719189,0.24378672,0.20847665,0.25013974,0.555637,4.947641,1.3095781,8.356063,3.581876,0.11720717,0.33261803,0.33662036,0.07197163,0.030641092,0.024438018,0.038945127,0.04755857
2.mp4,17,0,36.0,0.63147396,0.25310043,0.18719189,0.33589056,0.20847665,0.25013974,0.555637,5.070001,1.2133514,8.356063,3.581876,0.10651642,0.30337447,0.34836566,0.07714887,0.037341766,0.03779694,0.048108555,0.041347325
2.mp4,18,0,37.0,0.68291414,0.24830641,0.16596939,0.33589056,0.20847665,0.21900865,0.5915391,4.965874,1.2699797,8.356063,3.581876,0.10630885,0.30775794,0.31702873,0.08022754,0.044122696,0.042389173,0.05231218,0.049852885
2.mp4,19,0,35.0,0.68291414,0.2327314,0.1427776,0.33589056,0.20847665,0.22335331,0.5915391,4.4460664,1.3420409,8.356063,3.581876,0.10245331,0.30531698,0.31857684,0.08163025,0.047716085,0.044133928,0.049459863,0.050712723
2.mp4,20,0,30.0,0.6428654,0.22969574,0.26187727,0.34245858,0.24937445,0.22335331,0.5915391,3.8830912,0.6674739,5.075903,2.8477685,0.087387465,0.30540562,0.34562457,0.087368585,0.0413925,0.042668566,0.04160563,0.048547093
2.mp4,21,0,38.0,0.57675016,0.22555575,0.33687654,0.34245858,0.24937445,0.22335331,0.5915391,3.9331238,0.69955736,5.075903,2.8477685,0.081185915,0.30012217,0.36238006,0.09198271,0.03840505,0.04054629,0.038756434,0.04662137
2.mp4,22,0,38.0,0.69602776,0.21900071,0.60930675,0.34245858,0.24937445,0.22335331,0.5915391,4.1755767,0.8955056,5.6389184,2.8477685,0.06444031,0.33635664,0.35366857,0.08564889,0.036007307,0.041212637,0.04130344,0.0413622
2.mp4,23,0,40.0,0.6440216,0.2190997,0.5605223,0.34245858,0.36425802,0.22335331,0.5915391,4.1989,0.93028843,5.740733,2.8477685,0.0725385,0.34078783,0.3570879,0.081266865,0.036658004,0.029229145,0.0313556,0.05107614
2.mp4,24,0,40.0,0.62658775,0.21966417,0.4965356,0.46082374,0.8590704,0.22335331,0.62257046,4.3634715,0.9412426,5.740733,2.7315383,0.07570069,0.33102396,0.37434548,0.07884683,0.037551768,0.02715405,0.028464478,0.046912756
2.mp4,25,0,38.0,0.7170709,0.22604041,0.42342135,0.41599342,0.78373456,0.18071802,0.7051948,4.6512237,0.70693415,5.740733,2.7315383,0.06459654,0.3437176,0.38285664,0.07703429,0.03656378,0.02363703,0.026634846,0.04495926
2.mp4,26,0,38.0,0.7015958,0.22796361,0.35141534,0.4831433,2.4185297,0.18071802,0.7051948,4.7763314,0.52892804,5.740733,2.7315383,0.069075026,0.33740714,0.3646087,0.07676845,0.039912548,0.02828693,0.030006941,0.053934265
2.mp4,27,0,41.0,0.7015958,0.22181834,0.32206625,0.4831433,2.2441845,0.18071802,0.7051948,4.5029855,0.8633755,5.740733,2.7315383,0.07528894,0.3101218,0.34405285,0.080147706,0.0479347,0.034718838,0.038468514,0.06926665
2.mp4,28,0,40.0,0.738304,0.22934628,0.2949859,0.54914147,2.2453544,0.12725803,0.7051948,4.1480083,0.848376,5.740733,2.7278075,0.07863681,0.30000296,0.34759474,0.072907746,0.05017525,0.033882547,0.037555095,0.079244845
2.mp4,29,0,36.0,0.72594535,0.23283795,0.17883117,0.47877574,2.2453544,0.10743846,0.84828025,3.9678955,0.80849606,5.445538,2.7278075,0.07297088,0.2973252,0.38192523,0.073368326,0.042585857,0.032031946,0.03417431,0.06561826
2.mp4,30,0,38.0,0.6578816,0.23508951,0.16574833,0.38524672,2.2453544,0.10743846,0.84828025,3.6752746,0.67830217,5.136389,2.4493554,0.06391796,0.3027459,0.3857151,0.06860053,0.042969164,0.031340867,0.038640995,0.066069484
2.mp4,31,0,36.0,0.6427878,0.22930278,0.15559001,0.2753219,0.90382123,0.13853396,0.81695735,3.4491322,0.5368556,4.536252,2.4694314,0.0710956,0.2854728,0.34807593,0.06470028,0.06570126,0.041945998,0.04639128,0.07661686
2.mp4,32,0,34.0,0.5773014,0.23134513,0.14223996,0.25374234,0.35555848,0.13853396,0.81695735,3.2424433,0.42475992,4.1589856,2.4694314,0.061430644,0.28726035,0.38081267,0.0566768,0.06331564,0.037111886,0.043591175,0.06980083
2.mp4,33,0,31.0,0.60025716,0.2366596,0.3123562,0.25374234,0.30896157,0.13853396,0.81695735,3.4374871,0.6070919,5.695577,2.4694314,0.060925856,0.32452846,0.4025799,0.04593723,0.05036358,0.028874403,0.034098756,0.052691825
2.mp4,34,0,33.0,0.61489904,0.24398819,0.29560006,0.29883063,0.27336514,0.13853396,0.81695735,3.7410808,1.0153067,6.7656083,3.4287498,0.08231654,0.31227785,0.37498963,0.059680708,0.050687566,0.029730262,0.038134344,0.052183088
2.mp4,35,0,29.0,0.89029473,0.25033665,0.34005156,0.29883063,0.30168033,0.13853396,0.787026,3.8094199,1.0138217,6.7656083,3.4287498,0.07986173,0.302383,0.34284267,0.056109726,0.04944113,0.04228825,0.057451237,0.06962226
2.mp4,36,0,30.0,0.8325183,0.2521012,0.31270996,0.29883063,0.18728818,0.13853396,0.787026,3.8506556,0.99370825,6.7656083,3.4287498,0.087387055,0.2817373,0.36103478,0.064639464,0.045027576,0.043635763,0.051315483,0.06522259
2.mp4,37,0,30.0,0.7633399,0.25694457,0.29560006,0.29883063,0.18728818,0.13312952,0.787026,3.7247744,1.1034079,6.7656083,3.4287498,0.085280225,0.23779856,0.3702576,0.074586876,0.03811241,0.04753333,0.06051595,0.08591507
2.mp4,38,0,32.0,0.7369593,0.2618009,0.2451371,0.34024218,0.087834165,0.6636657,0.18301299,3.624323,1.1938155,6.7656083,3.4287498,0.08321816,0.21301955,0.3610782,0.07665256,0.038285226,0.049675826,0.07289218,0.10517832
2.mp4,39,0,37.0,0.7369593,0.2509547,0.14018832,0.29915202,0.7148676,0.6800881,0.15112437,3.315125,1.2159002,6.7656083,3.4287498,0.07555831,0.21444418,0.3258891,0.0841607,0.041076038,0.05396423,0.08171007,0.12319735
2.mp4,40,0,36.0,0.6899806,0.23612289,0.12319163,0.29915202,0.8285906,0.6800881,0.15112437,2.697,0.9222622,4.4088326,2.5151045,0.0623368,0.18930095,0.35123432,0.07631837,0.040820815,0.057865627,0.0862258,0.13589734
2.mp4,41,0,34.0,0.6918974,0.22997409,0.21409927,0.70485204,0.6198386,0.6800881,0.15112437,2.367878,0.73765963,3.9350128,2.1508827,0.063710116,0.20713514,0.35732642,0.070782155,0.042311847,0.046713162,0.07415227,0.1378689
2.mp4,42,0,33.0,0.63795316,0.22729126,0.23032789,0.2564687,0.57223034,0.6800881,0.15112437,2.16909,0.56488365,3.5501292,2.1508827,0.057102848,0.29389575,0.3020629,0.053066187,0.039468836,0.041227546,0.073185846,0.13999009
2.mp4,43,0,32.0,0.93001205,0.23188338,0.22341049,0.2564687,0.5325908,0.6800881,0.15112437,2.1445153,0.5035913,2.998171,1.8894498,0.05888597,0.36728096,0.29442984,0.04073024,0.02602517,0.039896965,0.062443815,0.11030703
2.mp4,44,0,30.0,0.8908038,0.23869666,0.21050237,0.51824296,0.2997285,0.6800881,0.15112437,2.1006577,0.48383483,2.998171,1.75315,0.070955366,0.36010998,0.27933764,0.04214501,0.032713786,0.06675821,0.056697056,0.09128293
3.mp4,0,0,35.0,0.26868534,0.092109285,0.13313754,0.44988558,0.9157504,0.27049798,0.7466757,1.1453286,0.32906786,1.5234157,0.7820234,0.1006229,0.19242807,0.41911858,0.057951633,0.015264993,0.010643989,0.049444433,0.15452538
3.mp4,1,0,33.0,0.28057808,0.09701225,0.12737891,0.44988558,0.9157504,0.20313089,0.75011593,1.137875,0.26744086,1.5234157,0.68838584,0.09558639,0.16446972,0.42109516,0.06359114,0.01759031,0.011832738,0.054550715,0.17128384
3.mp4,2,0,34.0,0.28452694,0.09751759,0.09845971,0.40647924,2.2962031,0.1262397,0.7808927,1.0084342,0.27568337,1.5233867,0.68838584,0.08180825,0.15958072,0.41696015,0.0589763,0.017444704,0.012362633,0.059219193,0.19364804
3.mp4,3,0,33.0,0.28452694,0.09935424,0.09429271,0.44993812,1.2026367,0.1262397,0.79018724,0.9121458,0.20992242,1.3942292,0.68838584,0.07054728,0.16673124,0.38005424,0.060498837,0.020561215,0.014915766,0.06899743,0.21769398
3.mp4,4,0,28.0,0.28452694,0.10034803,0.093275376,0.5061666,0.88344824,0.1262397,0.79018724,0.8668343,0.15835235,1.1940402,0.44489777,0.051162776,0.18566693,0.37485662,0.054271966,0.019129064,0.015156547,0.070156,0.22960009
3.mp4,5,0,30.0,0.28452694,0.0995402,0.08971527,0.5048977,0.88344824,0.1262397,0.8010119,0.9174916,0.18411243,1.2259033,0.41860962,0.05549443,0.1981896,0.36706847,0.055707775,0.018606849,0.015534661,0.07301016,0.21638805
3.mp4,6,0,28.0,0.25882858,0.09872616,0.09158259,0.41575024,1.444438,0.10149176,0.93754506,0.8963813,0.18886098,1.2259033,0.42206115,0.053817373,0.2038931,0.3613185,0.05112695,0.019587232,0.014381588,0.07513289,0.22074239
3.mp4,7,0,28.0,0.2513205,0.09676238,0.09539306,0.5756562,0.88344824,0.07787322,0.7762429,0.9196697,0.1933482,1.2259033,0.42206115,0.052900225,0.20831534,0.36221632,0.04818037,0.019822799,0.014455294,0.07403015,0.2200795
3.mp4,8,0,27.0,0.31753603,0.10088682,0.20894194,0.7613527,1.7026427,0.07787322,0.7762429,1.017277,0.20045239,1.414829,0.55795,0.052372843,0.203917,0.37539136,0.048243996,0.021261653,0.013360957,0.07093948,0.2145127
3.mp4,9,0,26.0,0.29428312,0.1031731,0.19364129,0.34605327,1.7026427,0.07787322,0.7762429,1.1160305,0.2132203,1.4351037,0.5658204,0.04968571,0.20027675,0.4049403,0.04461586,0.01920478,0.012259498,0.065843284,0.2031738
3.mp4,10,0,26.0,0.29369244,0.10563516,0.18030834,0.5119017,1.7026427,0.07787322,0.7762429,1.161464,0.20033835,1.4351037,0.5658204,0.058037806,0.20838493,0.398956,0.048330184,0.021305254,0.012168667,0.0687106,0.18410656
3.mp4,11,0,23.0,0.29950166,0.10593256,0.18030834,0.49382123,1.6726425,0.07787322,0.7762429,1.1688379,0.21432987,1.4351037,0.5667147,0.06256601,0.22277042,0.38301897,0.043101292,0.02072981,0.011615284,0.06461958,0.19157863
3.mp4,12,0,25.0,0.3053816,0.10991043,0.18030834,0.4675653,1.9610901,0.07787322,0.7762429,1.2198137,0.16173749,1.4351037,0.5667147,0.072753035,0.24327396,0.3681532,0.041485228,0.019956425,0.011527738,0.06256609,0.1802843
3.mp4,13,0,25.0,0.2670695,0.113907635,0.092798114,0.40276134,0.87279916,0.06326977,0.79538536,1.2687118,0.16284195,1.5857799,0.5667147,0.07668108,0.29179573,0.3417714,0.035164457,0.017055506,0.009068789,0.055471905,0.17299116
3.mp4,14,0,24.0,0.36172995,0.120279044,0.08762774,0.38447458,0.87279916,0.06240086,1.0164483,1.3375452,0.20818286,1.7184478,0.5667147,0.08251484,0.31492692,0.3279216,0.03371479,0.015170771,0.008677858,0.053046096,0.16402714
3.mp4,15,0,25.0,0.37975144,0.1255585,0.12528534,0.5322503,0.6671283,0.06240086,1.0164483,1.3720655,0.2491822,1.7528521,0.6788154,0.08331309,0.32061592,0.33769986,0.03328119,0.014003174,0.0077513033,0.048459057,0.1548764
3.mp4,16,0,28.0,0.3979429,0.12672527,0.13128696,0.472335,0.22721617,0.14860538,0.7265782,1.4238577,0.26046368,1.7979207,0.6788154,0.08220059,0.30305162,0.35752878,0.035262465,0.013130261,0.008963156,0.04848693,0.1513762
3.mp4,17,0,26.0,0.3979429,0.12413495,0.13128696,0.531358,0.38169312,0.14860538,0.7265782,1.4325583,0.25752455,1.7979207,0.6788154,0.07798636,0.29907763,0.3740124,0.038879573,0.012620474,0.009025307,0.04691549,0.14148276
3.mp4,18,0,28.0,0.3979429,0.119231254,0.13128696,0.4570447,0.2625706,0.14860538,0.7265782,1.4453002,0.2462667,1.7979207,0.6788154,0.071236975,0.29301462,0.38994384,0.03886669,0.01171589,0.00948895,0.044865742,0.14086731
3.mp4,19,0,28.0,0.40601245,0.12005812,0.13394922,0.43478346,0.2581069,0.14860538,0.7265782,1.4396443,0.23033303,1.7979207,0.6788154,0.07236409,0.2592662,0.4135337,0.045756053,0.011968639,0.010686069,0.046842463,0.13958281
3.mp4,20,0,29.0,0.2731926,0.11499873,0.07575428,0.43478346,0.29355025,0.14860538,0.7265782,1.3276366,0.26168606,1.7979207,0.6788154,0.07108437,0.26437333,0.39905444,0.04391118,0.013805098,0.011473453,0.047621284,0.14867683
3.mp4,21,0,29.0,0.2731926,0.11230646,0.07575428,0.43478346,0.24469681,0.14860538,0.7265782,1.2362475,0.22692536,1.7979207,0.6445072,0.06985548,0.27648163,0.35663268,0.042653985,0.01761134,0.013114246,0.057312872,0.16633777
3.mp4,22,0,30.0,0.2616936,0.109931156,0.07575428,0.38179606,0.24464534,0.1466355,0.70942754,1.129117,0.18701816,1.4166617,0.6445072,0.07000951,0.30479097,0.32170206,0.0348391,0.018383222,0.01268474,0.056708246,0.18088214
3.mp4,23,0,30.0,0.2616936,0.114427365,0.07575428,0.38179606,0.5679082,0.1303491,0.60796946,1.0965369,0.16050076,1.3508155,0.53517276,0.06682061,0.31627375,0.3117281,0.030999847,0.02092055,0.014532264,0.060863998,0.1778609
3.mp4,24,0,29.0,0.27337506,0.11217598,0.074888766,0.54377145,0.32051176,0.122134045,0.60796946,1.1174366,0.20322032,1.6072966,0.6368921,0.05921596,0.32600558,0.32101133,0.025910528,0.019145586,0.013231935,0.056727346,0.17875172
3.mp4,25,0,30.0,0.27484202,0.11310058,0.077151015,0.51787984,0.34265944,0.122134045,0.60796946,1.1591161,0.25291228,1.6072966,0.6368921,0.0542285,0.32556066,0.33108655,0.024869354,0.018873533,0.01386286,0.054466292,0.17705226
3.mp4,26,0,35.0,0.2694053,0.11236707,0.077151015,0.51787984,0.25168735,0.122134045,0.60796946,1.2042794,0.23615114,1.6072966,0.6368921,0.051120754,0.3186571,0.3448402,0.026563648,0.018791173,0.0140544595,0.054467876,0.17150477
3.mp4,27,0,35.0,0.27614525,0.1130926,0.09504064,0.51787984,0.33646706,0.122134045,0.60796946,1.2092417,0.23959583,1.6072966,0.6368921,0.046506483,0.3089894,0.36818436,0.028430711,0.015909515,0.012793395,0.049585745,0.16960038
3.mp4,28,0,31.0,0.274208,0.1139993,0.10286224,0.51787984,0.34043628,0.122134045,0.60796946,1.2738364,0.2045214,1.6072966,0.6368921,0.040144403,0.29518864,0.38872322,0.032906555,0.014974148,0.011835977,0.046919197,0.16930786
3.mp4,29,0,31.0,0.274208,0.11049208,0.10330404,0.5109996,0.30385444,0.099792965,0.6943472,1.3129078,0.19435418,1.6072966,0.6368921,0.03958977,0.2764814,0.40677774,0.035520405,0.012122966,0.010721106,0.0418004,0.17698623
3.mp4,30,0,33.0,0.274208,0.10957375,0.10248214,0.45635587,0.26367334,0.099792965,0.6943472,1.2910346,0.17500004,1.588435,0.58199763,0.041788686,0.24960577,0.41357073,0.04579545,0.01287631,0.0114195775,0.04694882,0.17799464
3.mp4,31,0,32.0,0.274208,0.109405726,0.10174379,0.5160825,0.34294283,0.099792965,0.6959012,1.2203263,0.1604433,1.4466178,0.58199763,0.037697304,0.23234083,0.41576615,0.044369295,0.012909096,0.010322698,0.051610634,0.19498399
3.mp4,32,0,31.0,0.26303855,0.112948,0.1003908,0.544736,0.311121,0.099792965,0.6959012,1.2132471,0.15908831,1.4466178,0.58199763,0.034925237,0.21310754,0.43034372,0.044137746,0.011908358,0.0105072055,0.054607548,0.20046264
3.mp4,33,0,32.0,0.26303855,0.11359986,0.08892264,0.61618793,0.47180036,0.03527605,0.8962743,1.2315315,0.1497247,1.4466178,0.55847573,0.033509284,0.20305778,0.44608703,0.042932216,0.0127081,0.0111824265,0.05676557,0.1937576
3.mp4,34,0,32.0,0.26303855,0.11214451,0.06408924,0.29818624,0.26405585,0.03527605,0.8962743,1.2401046,0.15468892,1.48527,0.55847573,0.03226783,0.19296405,0.46745107,0.042505775,0.011716981,0.011267216,0.056901168,0.18492591
3.mp4,35,0,34.0,0.26303855,0.10894304,0.06577309,0.45987236,2.2569609,0.12438485,0.7793309,1.2046657,0.15118529,1.48527,0.55378824,0.03231974,0.19486068,0.46342647,0.046008136,0.013157815,0.0114319,0.060882717,0.17791256
3.mp4,36,0,30.0,0.2535342,0.103653125,0.079666495,0.57494205,0.86441875,0.12438485,0.7793309,1.163559,0.17792112,1.48527,0.55378824,0.031229686,0.19686314,0.46193874,0.038619734,0.014298462,0.011899133,0.05860035,0.18655075
3.mp4,37,0,27.0,0.24776237,0.100775644,0.07968035,0.3741665,1.7472891,0.12438485,0.7793309,1.1147845,0.21877596,1.48527,0.55378824,0.037433308,0.20453587,0.45230645,0.038533356,0.015543318,0.012978655,0.06317822,0.17549083
3.mp4,38,0,29.0,0.24694225,0.095057,0.09574927,0.34393197,2.2943466,0.12438485,0.7793309,1.025583,0.26463872,1.48527,0.55378824,0.043412924,0.21281153,0.42029133,0.035118774,0.014513997,0.012009465,0.06687256,0.19496943
3.mp4,39,0,27.0,0.24694225,0.09311393,0.09712063,0.38881764,0.425304,0.12438485,0.7793309,0.9738465,0.2510556,1.48527,0.55378824,0.05275228,0.20170316,0.40271184,0.036316384,0.015522276,0.01188323,0.070163526,0.2089473
3.mp4,40,0,24.0,0.24694225,0.093242854,0.09816239,0.34393197,1.5265591,0.12438485,0.7793309,0.8761708,0.18266279,1.353944,0.5041055,0.058028553,0.20593843,0.3775941,0.03265468,0.017642181,0.012164935,0.07270516,0.22327195
3.mp4,41,0,24.0,0.24559233,0.09532675,0.09816239,0.46762428,2.9254324,0.10676816,0.78036195,0.8482534,0.15230604,1.1623881,0.4998109,0.059721563,0.20907474,0.3651831,0.026800515,0.018981766,0.012414944,0.07766585,0.23015754
3.mp4,42,0,24.0,0.22198781,0.09650823,0.098289505,0.4674589,1.5583712,0.081424996,0.82935166,0.84866834,0.14832944,1.0990952,0.43995273,0.06757276,0.22855291,0.34088975,0.024469528,0.01828958,0.012328615,0.07882351,0.22907335
3.mp4,43,0,26.0,0.21898107,0.09411427,0.079782195,0.42622358,2.88273,0.09141145,0.8906455,0.8809856,0.15029764,1.0990952,0.43995273,0.073262915,0.24735126,0.3280309,0.021767082,0.019686742,0.012519629,0.07321996,0.22416149
3.mp4,44,0,25.0,0.2049498,0.09460092,0.08270962,0.31654295,0.39304578,0.18019532,0.7469491,0.9430456,0.12630893,1.1331754,0.43995273,0.07862991,0.24906076,0.32970488,0.02263399,0.021827767,0.013146608,0.07141461,0.21358149
4.mp4,0,0,17.0,0.58420724,0.20589498,0.34681296,0.21952015,3.0600624,0.092136316,0.7332838,1.0076573,0.32224968,1.7066681,1.1210207,0.1203587,0.11749447,0.15742789,0.15196966,0.34968764,0.06257701,0.019473126,0.021011522
4.mp4,1,0,19.0,0.50321704,0.17714934,0.31049153,0.9494623,1.6156619,0.092136316,0.7332838,0.9480735,0.33864278,1.7066681,0.9471592,0.13598138,0.11855758,0.14872144,0.13781336,0.34731048,0.06367844,0.021797959,0.02613934
4.mp4,2,0,17.0,0.50321704,0.16527979,0.15400845,0.8580219,0.6748454,0.092136316,0.7332838,0.98277485,0.34691367,1.7066681,0.9471592,0.13459069,0.11194428,0.14197147,0.12544382,0.36280617,0.07561068,0.021586757,0.02604613
4.mp4,3,0,17.0,0.50321704,0.16715692,0.15400845,0.872463,2.9626987,0.092136316,0.7332838,0.9520471,0.30146503,1.3944016,0.8657956,0.13702327,0.11608501,0.1502697,0.098432824,0.37533507,0.07915401,0.018852098,0.024848005
4.mp4,4,0,16.0,0.5448708,0.17544404,0.12394387,0.7790494,0.71023965,0.092136316,0.7332838,0.9651471,0.32833713,1.66149,0.89498657,0.13209513,0.11901988,0.13057458,0.116984025,0.36700308,0.08059617,0.02227835,0.0314488
4.mp4,5,0,14.0,0.5448708,0.18718235,0.15994003,-0.12059469,2.370048,0.0645396,0.9960027,0.972343,0.32879692,1.66149,0.89498657,0.12416877,0.11625058,0.11699348,0.11385157,0.3921514,0.08337833,0.022580422,0.030625446
4.mp4,6,0,16.0,0.5448708,0.21013343,0.15809317,-0.12059469,0.85366124,0.0645396,0.9960027,1.0049752,0.32723787,1.66149,0.89498657,0.11794503,0.105580255,0.1292967,0.12143895,0.39261192,0.08112636,0.022807168,0.029193604
4.mp4,7,0,16.0,0.5448708,0.19356358,0.15525623,0.17127983,2.8030312,0.061079074,1.0345379,1.0615239,0.255272,1.66149,0.89498657,0.102384314,0.100936405,0.13658722,0.1273213,0.40487802,0.08152111,0.021350516,0.025021123
4.mp4,8,0,15.0,0.5448708,0.1825017,0.23444226,-0.12059469,2.2641218,0.097615816,0.8050797,0.99968535,0.28027403,1.66149,0.89498657,0.11107091,0.098355524,0.13603203,0.12310791,0.40868405,0.072006315,0.02263026,0.02811301
4.mp4,9,0,12.0,0.5544339,0.18176617,0.28285748,-0.39925268,2.099086,0.097615816,0.8050797,0.9367989,0.2794532,1.66149,0.89498657,0.11424168,0.0946505,0.13640013,0.12451796,0.40772772,0.067159474,0.023505097,0.031797413
4.mp4,10,0,12.0,0.5544339,0.17468743,0.28285748,0.80677766,2.932293,0.097615816,0.8050797,0.8996552,0.2436188,1.374133,0.7659385,0.1192239,0.08911723,0.13276641,0.1243138,0.4148817,0.06540226,0.023139235,0.031155458
4.mp4,11,0,15.0,0.5544339,0.17541648,0.28285748,-0.39925268,1.7537014,0.11760324,0.8038473,0.836854,0.21278338,1.3720566,0.6292643,0.122245796,0.08273365,0.14439441,0.14295888,0.39223927,0.060336515,0.023435762,0.03165571
4.mp4,12,0,12.0,0.5544339,0.1881209,0.2762443,-0.003882422,2.891597,0.12097569,0.8038473,0.8687489,0.23796423,1.4259267,0.6292643,0.11322836,0.080946654,0.13555132,0.15796681,0.39406028,0.06368262,0.022526506,0.032037452
4.mp4,13,0,14.0,0.54030305,0.16936262,0.2534758,-0.21090287,2.6015062,0.12097569,0.8038473,0.86081654,0.23487109,1.4259267,0.59833777,0.112964764,0.08460937,0.14146633,0.15703458,0.3876309,0.06082212,0.023637414,0.031834494
4.mp4,14,0,17.0,0.52635163,0.15914822,0.10343195,-0.18750273,2.6340191,0.12097569,0.8038473,0.8885008,0.22255017,1.4259267,0.59833777,0.09706923,0.08254735,0.15134645,0.17048483,0.38477752,0.06313784,0.023111377,0.027525423
4.mp4,15,0,15.0,0.54953486,0.17867681,0.104191475,-0.028543452,2.3818974,0.12097569,0.8038473,0.884692,0.2200734,1.4259267,0.5827844,0.08960314,0.07705642,0.15041846,0.1729045,0.38950226,0.071632065,0.022692073,0.026191086
4.mp4,16,0,16.0,0.63151747,0.1804325,0.10326186,0.46886662,0.5887403,0.12097569,0.8038473,0.8231424,0.20656462,1.4259267,0.5635077,0.09695117,0.07675331,0.15143102,0.16999103,0.3805784,0.076220736,0.022280749,0.025793578
4.mp4,17,0,16.0,0.63151747,0.17044836,0.090580665,0.8821081,2.2378821,0.12097569,0.98395926,0.8082886,0.21311702,1.4259267,0.5635077,0.10412199,0.08102362,0.14819635,0.17723294,0.35928002,0.08206632,0.022355169,0.025723603
4.mp4,18,0,14.0,0.63151747,0.16871034,0.090580665,0.82118344,3.0268345,0.022790493,1.2582053,0.6838446,0.1592867,1.0145459,0.48486272,0.11610101,0.08855097,0.15908639,0.19068612,0.3123712,0.07817295,0.027168354,0.02786302
4.mp4,19,0,17.0,0.63151747,0.1606066,0.090580665,0.9017345,2.691079,0.022790493,1.2582053,0.641584,0.16723374,1.0145459,0.48486272,0.12708324,0.0880764,0.14814068,0.22591347,0.27387327,0.07877194,0.027044531,0.031096473
4.mp4,20,0,15.0,0.56560194,0.17142753,0.07458341,0.9097776,0.5983206,0.022790493,1.2582053,0.6245414,0.1503108,1.0145459,0.4756793,0.13830088,0.0959844,0.13113709,0.22043419,0.25460154,0.08493987,0.032568227,0.042033806
4.mp4,21,0,15.0,0.5229382,0.15368466,0.17788066,0.33215743,2.18225,0.11622801,0.9245806,0.6326888,0.14875123,0.905119,0.51437885,0.1442453,0.1047232,0.12692593,0.20986852,0.25073147,0.0837289,0.03228396,0.047492728
4.mp4,22,0,20.0,0.5229382,0.12674432,0.17788066,0.15400009,2.8891213,0.11622801,0.9245806,0.72401726,0.26648307,1.435161,0.61197937,0.1321423,0.10238511,0.122503154,0.21495064,0.2637752,0.084499754,0.032471433,0.047272425
4.mp4,23,0,17.0,0.5229382,0.14999953,0.17788066,0.15400009,1.0437498,0.11622801,0.9245806,0.81271815,0.32354465,1.5973369,0.7532628,0.12443772,0.09169394,0.117389575,0.20860304,0.29549986,0.08225858,0.031408302,0.048708975
4.mp4,24,0,16.0,0.5229382,0.1499889,0.17788066,0.30550373,0.6577689,0.11622801,0.9245806,0.84286606,0.2976259,1.5973369,0.7532628,0.1235217,0.0970098,0.10374917,0.18011756,0.32864362,0.08064965,0.029734919,0.056573577
4.mp4,25,0,17.0,0.548813,0.1515796,0.24147366,0.10646338,0.84333366,0.11622801,0.9245806,0.87889266,0.27006808,1.5973369,0.7532628,0.114241764,0.090341195,0.10288547,0.15390393,0.36405852,0.087521076,0.029750234,0.057297815
4.mp4,26,0,17.0,0.5265287,0.13602903,0.38897747,0.2514306,1.2959363,0.11622801,0.9245806,0.899441,0.26305687,1.5973369,0.7532628,0.11418387,0.07914441,0.10538847,0.14786938,0.39147183,0.085988835,0.02550489,0.0504483
4.mp4,27,0,14.0,0.5265287,0.13999933,0.38897747,0.2514306,2.8228228,0.049901646,1.0912077,0.8677513,0.28237334,1.5973369,0.7532628,0.13634463,0.08069985,0.092440255,0.14091991,0.3899105,0.08196491,0.027402459,0.050317492
4.mp4,28,0,15.0,0.5265287,0.11648247,0.38897747,0.36906347,3.114343,0.049901646,1.0912077,0.84004056,0.2576083,1.5973369,0.7532628,0.1546555,0.086267956,0.09864153,0.1140536,0.40004107,0.0742556,0.025483752,0.046600986
4.mp4,29,0,12.0,0.5265287,0.12613045,0.38897747,0.46764734,1.0415987,0.049901646,1.0912077,0.8208072,0.2206429,1.2755839,0.6093044,0.16420777,0.095958106,0.10614017,0.09280386,0.3988088,0.07230666,0.024489459,0.045285176
4.mp4,30,0,14.0,0.46779343,0.115326576,0.3419176,0.53824866,3.062327,0.049901646,0.6440912,0.8961908,0.21912651,1.2755839,0.6093044,0.15784298,0.09783491,0.11895907,0.096970975,0.3971694,0.07786616,0.020031959,0.033324555
4.mp4,31,0,17.0,0.46779343,0.14448194,0.1392082,0.35550413,1.9253461,0.0,0.615958,0.99007237,0.24080443,1.3920329,0.72847086,0.15484422,0.09671766,0.12592725,0.0905552,0.41688332,0.07007717,0.016986756,0.028008413
4.mp4,32,0,18.0,0.45323643,0.17030154,0.135056,0.4293247,1.623566,0.06699578,0.53923845,1.0523151,0.2485408,1.3920329,0.72847086,0.15045044,0.09934483,0.13110481,0.08887135,0.42845017,0.060660236,0.015413912,0.02570428
4.mp4,33,0,18.0,0.45209134,0.16871756,0.11580759,0.6198915,1.2115179,0.81262475,0.075328074,1.1510596,0.16280596,1.3920329,0.72847086,0.13224846,0.0958532,0.14734013,0.09194559,0.43511394,0.060412116,0.012800332,0.02428623
4.mp4,34,0,20.0,0.5764323,0.18791722,0.1674016,0.4293247,3.097886,0.81262475,0.075328074,1.1651111,0.13517144,1.3920329,0.72847086,0.12560724,0.10204146,0.14836073,0.101760164,0.4232516,0.061120577,0.013040826,0.024817394
4.mp4,35,0,21.0,0.5764323,0.18467951,0.16592793,0.78900945,2.7241595,0.81262475,0.075328074,1.1433445,0.15164985,1.3920329,0.72847086,0.12795372,0.10733031,0.14415805,0.0974786,0.41361588,0.05740126,0.014891394,0.03717079
4.mp4,36,0,22.0,0.5764323,0.17739376,0.16362569,0.95279175,3.0553854,0.81262475,0.075328074,1.0969908,0.19422328,1.3920329,0.72847086,0.13779986,0.11252057,0.13113454,0.08964167,0.41257852,0.048697177,0.018397756,0.0492299
4.mp4,37,0,23.0,0.5764323,0.16725054,0.22613911,0.96010906,0.6934917,0.81262475,0.075328074,1.040098,0.18666251,1.3750361,0.5543751,0.14614913,0.11962431,0.13630754,0.09022297,0.38389143,0.044717506,0.021072384,0.05801472
4.mp4,38,0,21.0,0.5764323,0.15593076,0.22613911,0.9708488,0.40534163,0.81262475,0.075328074,1.0063062,0.16181858,1.2782943,0.5543751,0.1507045,0.12931286,0.13587005,0.09385335,0.35356876,0.047132574,0.021040028,0.068517886
4.mp4,39,0,22.0,0.40670666,0.12652686,0.22662418,0.9478011,2.7051313,0.2016936,0.59740305,0.997368,0.15741165,1.3342335,0.55606204,0.15396544,0.13114537,0.14903656,0.106557585,0.32387188,0.04312693,0.01991998,0.072376244
4.mp4,40,0,20.0,0.40670666,0.12833421,0.22567254,0.83767056,1.5616537,0.2016936,0.6705236,0.96085376,0.1573105,1.3342335,0.55606204,0.17165576,0.13230492,0.14913209,0.105847135,0.29338652,0.044036604,0.019312391,0.08432459
4.mp4,41,0,21.0,0.40670666,0.120210566,0.24605471,0.14871685,2.971979,0.2016936,0.6705236,0.89804274,0.21944708,1.3342335,0.55606204,0.19430564,0.14004365,0.1569302,0.10924707,0.24590239,0.043364212,0.021040106,0.08916673
4.mp4,42,0,23.0,0.3966893,0.13435005,0.20863876,0.35322842,2.1014953,0.20599756,0.6199689,0.87523115,0.23631698,1.3342335,0.55606204,0.21196716,0.1424593,0.17240492,0.120799854,0.1952318,0.040543802,0.018718041,0.09787514
4.mp4,43,0,25.0,0.358045,0.118335254,0.21887901,0.21851386,2.8290029,0.20599756,0.6199689,0.84228843,0.23133317,1.3342335,0.55606204,0.22823866,0.16328643,0.16955137,0.13134457,0.14876227,0.037573002,0.01793536,0.103308335
4.mp4,44,0,23.0,0.40004584,0.1346076,0.23107596,0.3223178,2.8290029,0.20599756,0.6199689,0.7907884,0.2257095,1.3342335,0.55606204,0.24893604,0.17898527,0.18711165,0.11704978,0.11287725,0.03170713,0.018193241,0.10513965
4.mp4,45,0,26.0,0.40004584,0.12528506,0.20197731,0.29223043,3.047834,0.20599756,0.6199689,0.73004055,0.14508453,1.0550634,0.68046755,0.25788772,0.19319762,0.17606208,0.095726155,0.12368416,0.027939754,0.020790506,0.104712
4.mp4,46,0,26.0,0.5204947,0.15462907,0.20005944,0.25626472,2.6912599,0.20599756,0.6199689,0.77212495,0.20776193,1.3023437,0.68046755,0.23862742,0.1917342,0.18955152,0.09551,0.13133308,0.038300928,0.020321975,0.09462089
4.mp4,47,0,27.0,0.5204947,0.1634921,0.20005944,0.7432816,2.6727595,0.20599756,0.5889055,0.85784364,0.2065122,1.3023437,0.68046755,0.20992085,0.17862374,0.18661395,0.096560776,0.17788063,0.0564149,0.017805738,0.076179415
4.mp4,48,0,25.0,0.5204947,0.16480406,0.11937598,0.5505258,2.0726106,0.07471598,0.5889055,0.9280492,0.20223641,1.3023437,0.68046755,0.18739153,0.16535528,0.17410731,0.08033702,0.24268623,0.08036541,0.01797965,0.051777557
4.mp4,49,0,30.0,0.5204947,0.16155252,0.17531262,0.5505258,2.032181,0.07471598,0.40364966,1.0012468,0.20401977,1.3023437,0.68046755,0.1636175,0.14828017,0.16396546,0.06115828,0.31086746,0.0977823,0.016633634,0.03769517
4.mp4,50,0,27.0,0.5204947,0.16217853,0.18773021,0.88714945,2.032181,0.15567762,0.34680727,1.0691904,0.1542217,1.3023437,0.68046755,0.14394066,0.1289865,0.15013866,0.061180796,0.3622413,0.10816814,0.015214154,0.030129801
4.mp4,51,0,31.0,0.51074874,0.15140048,0.18773021,0.470715,2.7373116,0.15567762,0.34680727,1.0958279,0.120761685,1.3023437,0.6663921,0.13371372,0.1191028,0.14355335,0.07970716,0.37212044,0.11461618,0.013292778,0.023893584
4.mp4,52,0,32.0,0.49814594,0.14740075,0.19553232,0.5174985,2.2845647,0.15567762,0.34680727,1.085836,0.119997166,1.2952912,0.5929738,0.12439219,0.11776819,0.1303298,0.094980516,0.39275703,0.10692559,0.012698287,0.020148395
4.mp4,53,0,31.0,0.50471413,0.16166519,0.23823918,0.95257443,1.7737681,0.15567762,0.34680727,1.0507205,0.15929958,1.2952912,0.6413661,0.11872698,0.11687942,0.12654313,0.10927621,0.39925078,0.0966012,0.011922186,0.020800091
4.mp4,54,0,33.0,0.5081788,0.17673472,0.16054718,0.40896416,1.461427,0.20036826,0.34680727,1.0950671,0.20709038,1.7282593,0.89187604,0.1109956,0.10754122,0.12545127,0.1217632,0.40327582,0.089472376,0.013023588,0.028476926
4.mp4,55,0,29.0,0.59344506,0.19106375,0.16054718,0.3678613,0.5644452,0.20036826,0.34680727,1.0970885,0.20875779,1.7282593,0.89187604,0.10840987,0.09700354,0.12573797,0.13823275,0.4036658,0.0840022,0.012814405,0.03013345
4.mp4,56,0,25.0,0.59344506,0.18619116,0.16054718,0.30534154,0.50693953,0.20036826,0.58322823,1.1097413,0.21992366,1.7282593,0.89187604,0.104239374,0.090394065,0.11566862,0.15700087,0.40960747,0.07915614,0.014289637,0.029643824
4.mp4,57,0,25.0,0.59344506,0.17297402,0.16054718,0.735463,3.0351224,0.20036826,0.58322823,1.0865397,0.23771332,1.7282593,0.89187604,0.105016395,0.09663892,0.11876025,0.15059592,0.4055587,0.07174612,0.017067095,0.034616597
4.mp4,58,0,25.0,0.59344506,0.15670015,0.091773316,0.8231657,2.89871,0.20036826,0.58322823,1.0592037,0.2439342,1.7282593,0.89187604,0.10771909,0.101309605,0.12720835,0.14141615,0.3960578,0.07287771,0.017392976,0.036018297
4.mp4,59,0,24.0,0.59344506,0.13663149,0.09451701,0.8276117,2.6484294,0.20036826,0.58322823,1.0799365,0.22234339,1.7282593,0.89187604,0.11174782,0.09705806,0.1362208,0.13592845,0.39198607,0.076315664,0.016593251,0.034149874
4.mp4,60,0,23.0,0.5018692,0.09253144,0.086985186,0.77651936,2.9727702,0.095093146,0.703185,1.0454813,0.17544311,1.3762953,0.7264982,0.111021996,0.10489978,0.13092254,0.12606019,0.40412983,0.07529124,0.019339122,0.028335305
4.mp4,61,0,18.0,0.5018692,0.11322741,0.100288674,0.7632696,2.721511,0.03217812,0.75932705,0.9904878,0.17122337,1.3762953,0.697862,0.1109981,0.1112083,0.12856658,0.11021833,0.403909,0.08153987,0.022399647,0.031160157
4.mp4,62,0,19.0,0.5018692,0.12412502,0.100288674,0.19333582,0.7967398,0.88383406,0.03043783,0.9153675,0.149332,1.248086,0.68210685,0.13282694,0.11693086,0.12865967,0.094198115,0.3934581,0.081332155,0.022255203,0.030338947
4.mp4,63,0,17.0,0.6581414,0.1463803,0.2153685,0.4520196,2.498072,0.88383406,0.03043783,0.92760885,0.14554054,1.248086,0.68210685,0.16246302,0.10146544,0.110366866,0.08702866,0.39812654,0.092121996,0.020216925,0.028210534
4.mp4,64,0,18.0,0.6581414,0.15708129,0.18915415,0.37543112,2.5803037,0.88383406,0.03043783,0.88889116,0.1673031,1.248086,0.68210685,0.17432134,0.1039907,0.09671747,0.069058,0.41615778,0.09033373,0.020393083,0.0290279
4.mp4,65,0,14.0,0.6581414,0.17881912,0.16768147,0.4375299,1.0887141,0.88383406,0.03043783,0.86236763,0.1720232,1.248086,0.68210685,0.18131344,0.11001656,0.09135639,0.053445745,0.429441,0.08673822,0.020476192,0.027212467
4.mp4,66,0,15.0,0.6581414,0.1750055,0.119589984,0.37830466,1.1696395,0.88383406,0.03043783,0.8481769,0.15027176,1.1616704,0.4648534,0.19266985,0.11683836,0.095465444,0.06241462,0.4061167,0.08520589,0.0153858485,0.025903286
4.mp4,67,0,13.0,0.6581414,0.1886431,0.12028626,0.3267732,3.0489538,0.88383406,0.03043783,0.9030322,0.20109318,1.4170765,0.6311423,0.19252583,0.11854094,0.10879323,0.068196125,0.39666706,0.07376133,0.015746297,0.02576917
4.mp4,68,0,12.0,0.62687236,0.1707099,0.13653214,0.11170379,1.0518779,0.015755115,1.0163093,0.9812782,0.23460686,1.5782256,0.7361011,0.16689317,0.118280806,0.11715904,0.079059474,0.40272954,0.073908135,0.016738458,0.025231387
4.mp4,69,0,14.0,0.62687236,0.16891107,0.1369314,0.44450653,3.1225598,0.0,1.0163093,1.0478439,0.26371026,1.5782256,0.7361011,0.13532344,0.12460518,0.12857528,0.096430615,0.40142775,0.07297033,0.016712125,0.023955282
4.mp4,70,0,14.0,0.62687236,0.14499767,0.13935207,0.76666236,2.7851105,0.10380338,0.7235062,1.0848873,0.22328009,1.5782256,0.7361011,0.13144144,0.11428281,0.13227023,0.1017103,0.3908291,0.080964655,0.019212563,0.029288922
4.mp4,71,0,14.0,0.62687236,0.14260553,0.1400788,0.93695015,3.0903273,0.10445999,0.7235062,1.1316504,0.1918402,1.5782256,0.7361011,0.12508477,0.11098325,0.13849843,0.12005104,0.3731007,0.08308877,0.01812916,0.031063866
4.mp4,72,0,15.0,0.4700958,0.12595747,0.13879782,0.6641304,1.1192316,0.54575425,0.23479465,1.0610052,0.27160406,1.5782256,0.7361011,0.13028695,0.10711547,0.14118356,0.11647206,0.3528715,0.08858671,0.024138834,0.03934491
4.mp4,73,0,17.0,0.4700958,0.121260494,0.1288754,0.82735634,0.8620509,0.54575425,0.23479465,0.9902667,0.28230327,1.5782256,0.7361011,0.14462961,0.1064764,0.1429498,0.11345175,0.33656654,0.09313774,0.02146825,0.041319896
4.mp4,74,0,20.0,0.38739923,0.118485495,0.12358403,0.7935269,0.9195818,0.54575425,0.23479465,0.94506735,0.24656145,1.5727085,0.65532327,0.15867628,0.1097824,0.15074131,0.10050738,0.32031912,0.09527886,0.01888917,0.0458055
4.mp4,75,0,20.0,0.38739923,0.12347646,0.12606063,0.7935269,3.1365752,0.54575425,0.23479465,0.9118695,0.20044509,1.391041,0.67371017,0.16600011,0.119109675,0.15697354,0.086962864,0.311072,0.092898786,0.01880592,0.04817711
4.mp4,76,0,22.0,0.45382756,0.12746193,0.2040295,0.7935269,1.6569374,0.54575425,0.23479465,0.9713636,0.24556522,1.4961462,0.67371017,0.15695953,0.11915621,0.16359487,0.09373446,0.31982008,0.08625283,0.015799683,0.044682343
4.mp4,77,0,20.0,0.4907254,0.13431929,0.20248678,0.7935269,2.5364017,0.54575425,0.23479465,0.9912348,0.26741207,1.4961462,0.67371017,0.15363832,0.11694892,0.16581462,0.09718452,0.32505313,0.0786122,0.01667611,0.046072174
4.mp4,78,0,19.0,0.5215823,0.14205477,0.20064634,0.7789846,0.61266124,0.062166285,0.6939812,0.9964408,0.257186,1.4961462,0.67371017,0.14871605,0.11885764,0.16362071,0.10547159,0.33531234,0.068049565,0.014813021,0.045159094
4.mp4,79,0,20.0,0.61113065,0.15822257,0.19560207,0.37101838,2.827476,0.062166285,0.6939812,1.0282044,0.24072766,1.4961462,0.67371017,0.13929354,0.12137102,0.15828606,0.108418204,0.3493522,0.061341368,0.01634008,0.045597523
4.mp4,80,0,19.0,0.61113065,0.15171772,0.19697885,0.4164178,3.1312788,0.48968974,0.32458028,1.0288417,0.24042547,1.4961462,0.67371017,0.13665655,0.1198631,0.14895357,0.117777474,0.34999213,0.060516186,0.018110516,0.048130486
4.mp4,81,0,20.0,0.61113065,0.123820536,0.19631484,0.7515604,1.865709,0.48968974,0.32458028,0.9955887,0.2441302,1.4961462,0.59385765,0.1421774,0.11204106,0.14176336,0.1259509,0.33535755,0.06717995,0.02400786,0.051521935
4.mp4,82,0,19.0,0.61113065,0.10885632,0.17620318,0.58481187,2.8241997,0.48968974,0.32458028,0.9745067,0.22513053,1.4788638,0.6800745,0.15292752,0.10915814,0.13193493,0.13372576,0.31799957,0.069836006,0.029446002,0.05497206
4.mp4,83,0,19.0,0.61113065,0.098299146,0.37561178,0.7559563,2.6499765,0.48968974,0.32458028,0.96528065,0.19517265,1.3253307,0.6800745,0.15720476,0.11503021,0.1197826,0.12698208,0.32141775,0.07330088,0.03172326,0.054558467
4.mp4,84,0,19.0,0.4015323,0.07444677,0.3593985,0.81807303,2.367692,0.48968974,0.32458028,1.0587759,0.17752354,1.4586192,0.73031175,0.15454377,0.10665962,0.13946973,0.123546176,0.3213796,0.07796414,0.02844905,0.04798791
4.mp4,85,0,17.0,0.586951,0.08485199,0.3593985,0.7538733,1.1737777,0.48968974,0.32458028,1.0547569,0.17125615,1.4586192,0.73031175,0.17137301,0.10741503,0.131434,0.12353536,0.30350158,0.09008971,0.028606318,0.04404501
4.mp4,86,0,18.0,0.586951,0.07897916,0.3442715,0.59290045,1.644216,0.87244004,0.03339359,1.0166534,0.21187177,1.4586192,0.73031175,0.18911718,0.11852122,0.13104032,0.11439664,0.2891246,0.0878307,0.027958024,0.042011324
4.mp4,87,0,16.0,0.586951,0.08370512,0.1634763,0.45214587,3.0462556,0.87244004,0.03339359,1.0144541,0.21684445,1.4586192,0.73031175,0.19424409,0.124412954,0.14245328,0.101362504,0.2996918,0.07570078,0.022481788,0.039652787
4.mp4,88,0,14.0,0.586951,0.09592358,0.24360336,0.1472744,2.9414027,0.87244004,0.03339359,0.9508863,0.2203454,1.4586192,0.73031175,0.2028404,0.14758271,0.15507051,0.08506492,0.28686053,0.06484852,0.01806315,0.03966928
4.mp4,89,0,17.0,0.586951,0.097462155,0.14210403,0.5508757,2.250708,0.87244004,0.03339359,0.89526695,0.20103122,1.4586192,0.73031175,0.20743084,0.16724904,0.17236422,0.07982097,0.25740406,0.058226623,0.014927333,0.042576943
4.mp4,90,0,16.0,0.5084372,0.08622462,0.1937109,0.91394246,1.3767065,0.87244004,0.03339359,0.8661353,0.13961132,1.1238381,0.526708,0.20618896,0.18492645,0.17441775,0.06913119,0.25269195,0.053299855,0.015764795,0.04357905
4.mp4,91,0,16.0,0.5084372,0.09094274,0.1937109,0.97871274,3.1335688,0.87244004,0.03339359,0.9388305,0.23717274,1.4134914,0.526708,0.18864338,0.18369514,0.17776288,0.08196872,0.26259193,0.049859807,0.014245155,0.041233003
4.mp4,92,0,17.0,0.5084372,0.09401747,0.1924244,0.92547596,1.6222404,0.104435705,0.7225335,1.021653,0.23963171,1.4566201,0.5629524,0.1634298,0.17651391,0.18442483,0.08211444,0.2849286,0.05734635,0.015769726,0.035472326
4.mp4,93,0,16.0,0.6186781,0.11786305,0.1924244,0.89536446,2.8262658,0.104435705,0.7225335,1.0678442,0.23689267,1.4566201,0.5629524,0.14694995,0.16497134,0.17068343,0.090528905,0.3021644,0.073334314,0.017379848,0.033987794
4.mp4,94,0,17.0,0.6186781,0.10438302,0.16740373,0.75842834,2.2425346,0.104435705,0.7225335,1.1110635,0.2010328,1.4566201,0.5882207,0.13140655,0.14345856,0.16103822,0.098227166,0.33649358,0.084631056,0.016822822,0.027922032
4.mp4,95,0,17.0,0.6186781,0.09806279,0.16740373,0.31552625,2.7935562,0.104435705,0.7225335,1.1528685,0.16936094,1.4566201,0.6822545,0.12402687,0.121758595,0.15375955,0.096688315,0.36170283,0.09887712,0.018338295,0.024848422
4.mp4,96,0,16.0,0.6186781,0.098909564,0.16740373,0.68557453,2.0695808,0.104435705,0.7225335,1.1475549,0.17584707,1.4566201,0.6822545,0.12419152,0.1103795,0.14287856,0.09432491,0.3766532,0.11262875,0.016087918,0.02285564
4.mp4,97,0,17.0,0.6186781,0.08470408,0.16740373,0.8413402,3.1056428,0.104435705,0.7225335,1.1169664,0.15166438,1.4566201,0.6822545,0.122711174,0.104923226,0.1394371,0.08302039,0.4019083,0.1109391,0.015713848,0.021346863
4.mp4,98,0,19.0,0.26616386,0.0628484,0.15581611,0.8017718,3.0816736,0.055855617,0.9469042,1.072689,0.1454539,1.3534479,0.6822545,0.122249186,0.09927267,0.13514243,0.08441944,0.4078206,0.10786928,0.017943215,0.025283165
4.mp4,99,0,17.0,0.45396072,0.08157025,0.30061975,0.91417634,2.4882598,0.07924884,0.740984,1.0508914,0.12916501,1.3247541,0.6822545,0.12521333,0.10629292,0.13376984,0.0927745,0.40096685,0.0993523,0.016824113,0.02480616
4.mp4,100,0,16.0,0.45396072,0.08414529,0.15581611,0.40751404,2.7730718,0.11652449,0.6505061,1.011326,0.16279346,1.3247541,0.6822545,0.12788145,0.11138215,0.13217059,0.08925885,0.3989274,0.09598731,0.018247483,0.026144788
4.mp4,101,0,17.0,0.45396072,0.091071665,0.2428416,0.6800993,2.732157,0.90468836,0.034759507,0.9973861,0.17595936,1.3705741,0.60850686,0.1285144,0.10982115,0.13485846,0.09230564,0.40812916,0.08587256,0.017827064,0.02267156
4.mp4,102,0,14.0,0.45396072,0.09541064,0.24450637,0.6118585,2.4696972,0.90468836,0.034759507,1.0558308,0.22339484,1.4757636,0.60850686,0.1137777,0.11054304,0.13270779,0.119876094,0.40288514,0.07791579,0.018976873,0.023317594
4.mp4,103,0,15.0,0.45396072,0.09026493,0.24642104,0.94587344,3.0830724,0.90468836,0.034759507,0.9857566,0.25625935,1.4757636,0.63168955,0.10973331,0.11446701,0.13586834,0.13016492,0.37556383,0.083976716,0.022664996,0.027560877
4.mp4,104,0,17.0,0.37296104,0.06796773,0.24700649,0.9805588,0.7736706,0.90468836,0.034759507,0.8923973,0.335358,1.4757636,0.63168955,0.11387566,0.12821719,0.14182498,0.13083975,0.35099372,0.084058605,0.019741114,0.030448994
4.mp4,105,0,17.0,0.40891466,0.068272844,0.24627961,0.9662716,2.738608,0.90468836,0.034759507,0.8258681,0.33960566,1.4757636,0.63168955,0.11508158,0.13181265,0.16614784,0.13503292,0.319683,0.07866037,0.019665092,0.03391656
4.mp4,106,0,16.0,0.40891466,0.06389533,0.07080464,0.8477008,2.5585685,0.90468836,0.034759507,0.84191155,0.33779612,1.4757636,0.63168955,0.114667214,0.13858332,0.17840615,0.14072564,0.2945076,0.08054523,0.018027391,0.034537446
4.mp4,107,0,16.0,0.40893462,0.06387437,0.043462116,0.65859115,3.0212822,0.093989745,0.6288202,0.79481924,0.31957707,1.4757636,0.63168955,0.122018225,0.1473894,0.17365332,0.13012205,0.271821,0.089392446,0.02017427,0.045429308
4.mp4,108,0,15.0,0.4746203,0.08544932,0.3455364,0.34556657,2.0876164,0.04332766,0.9874364,0.7222853,0.2127591,1.2132826,0.63168955,0.13281983,0.14507967,0.17396668,0.11188496,0.2645702,0.094687656,0.022775715,0.054215297
4.mp4,109,0,15.0,0.4746203,0.09833666,0.34586573,0.38300535,1.3665091,0.0,0.9874364,0.7489537,0.20101297,1.0723778,0.5903024,0.14736538,0.14790118,0.17167488,0.09232034,0.26427412,0.08992389,0.021894703,0.06464552
4.mp4,110,0,17.0,0.5452067,0.12506306,0.32711667,0.37457645,2.8078048,0.0,0.9874364,0.86848676,0.17393999,1.2127411,0.5903024,0.14988717,0.13319576,0.16244055,0.09134045,0.28505734,0.094614476,0.021240057,0.06222419
4.mp4,111,0,18.0,0.5452067,0.14717075,0.32741857,0.3686038,3.0150437,0.030457767,0.9874364,0.92881435,0.14241368,1.2127411,0.5903024,0.1568481,0.1286611,0.14961801,0.07027299,0.31614065,0.098384246,0.022148162,0.057926755
4.mp4,112,0,19.0,0.5452067,0.15607394,0.23962095,0.86751705,2.9150345,0.030457767,0.9874364,0.9480351,0.144875,1.2127411,0.5903024,0.16121021,0.11627194,0.13515207,0.07461436,0.3423771,0.08954268,0.022089284,0.05874237
4.mp4,113,0,19.0,0.5452067,0.16377717,0.26421067,0.5230423,0.4892799,0.12546685,0.86915785,0.9954914,0.10542518,1.2127411,0.5903024,0.15740529,0.107466675,0.12591748,0.09136017,0.36866197,0.07912934,0.020316126,0.04974297
4.mp4,114,0,19.0,0.56108344,0.17820925,0.26112202,0.5230423,1.8710691,0.1254891,0.8626644,0.995311,0.103712946,1.2127411,0.55375767,0.15750203,0.114245936,0.12253008,0.10454279,0.37055814,0.067019306,0.020249024,0.043352697
4.mp4,115,0,19.0,0.56108344,0.15281743,0.178228,0.93802327,1.382277,0.1254891,0.8626644,0.98764324,0.115147896,1.2127411,0.5608118,0.1493486,0.11531947,0.1340981,0.11590191,0.36562407,0.06629087,0.020783681,0.03263329
4.mp4,116,0,20.0,0.56108344,0.16007635,0.178228,0.8083904,3.0868585,0.1254891,0.8626644,0.94589543,0.105923936,1.1437435,0.5608118,0.14271775,0.12048483,0.13973686,0.10954715,0.3632624,0.07455195,0.019532751,0.03016632
4.mp4,117,0,21.0,0.58045864,0.17434743,0.178228,0.91910607,1.3526248,0.1254891,0.8626644,0.95085424,0.10548505,1.1437435,0.5608118,0.13567735,0.11895799,0.13882227,0.115123115,0.36109063,0.08205951,0.018142784,0.030126333
4.mp4,118,0,22.0,0.627268,0.16849485,0.178228,0.948061,2.9104297,0.1254891,0.8626644,0.9136437,0.13320418,1.1437435,0.5608118,0.13547039,0.12698251,0.14512141,0.11586315,0.33510348,0.09004005,0.02003113,0.03138787
4.mp4,119,0,21.0,0.627268,0.14345396,0.17643505,0.8907149,2.0454595,0.1254891,0.8626644,0.8401177,0.17963932,1.0716735,0.5608118,0.14095554,0.1463499,0.14887588,0.09927854,0.30872566,0.098771945,0.021007948,0.036034588
4.mp4,120,0,20.0,0.627268,0.1464841,0.17643505,0.54850376,1.8475944,0.008085596,1.1327683,0.8369196,0.17873512,1.0716735,0.5608118,0.1446893,0.14553429,0.14796542,0.08563347,0.3112587,0.109815784,0.018858196,0.036244832
4.mp4,121,0,21.0,0.5317441,0.15567835,0.17643505,0.38911945,3.0721679,0.04931057,1.0162679,0.85351735,0.18847102,1.1325774,0.5269953,0.14065501,0.1356705,0.14664869,0.08308615,0.3233919,0.1160712,0.0182117,0.03626482
4.mp4,122,0,19.0,0.5317441,0.16363946,0.25881878,0.3316469,1.9832613,0.04931057,1.0162679,0.89539707,0.21526559,1.3153449,0.5758708,0.1357917,0.12436651,0.14645618,0.1054376,0.32918802,0.105119735,0.019425347,0.034214895
4.mp4,123,0,16.0,0.5317441,0.15206948,0.1961052,0.44958484,3.1106222,0.04931057,1.0162679,0.8937746,0.2162269,1.3153449,0.5758708,0.1276006,0.12230588,0.14031363,0.10684572,0.34074688,0.10372091,0.022454455,0.03601193
4.mp4,124,0,15.0,0.5317441,0.14825676,0.1961052,0.32765326,2.5099301,0.04931057,1.0162679,0.8423679,0.26289815,1.3153449,0.5758708,0.1302581,0.112779945,0.1286202,0.09737571,0.36389753,0.10869804,0.023960104,0.03441036
4.mp4,125,0,14.0,0.5317441,0.15473135,0.1961052,0.32765326,2.2970433,0.04931057,1.0162679,0.84369004,0.26907936,1.3153449,0.5758708,0.13005613,0.105753064,0.12262268,0.09910901,0.37089407,0.110251874,0.02355753,0.03775564
4.mp4,126,0,12.0,0.52889735,0.14116107,0.1961052,0.32765326,2.40659,0.05346907,1.0162679,0.867491,0.28893417,1.3153449,0.5758708,0.13551947,0.09449725,0.13507383,0.096933745,0.37153795,0.10559115,0.024273617,0.03657298
4.mp4,127,0,11.0,0.41803455,0.0834445,0.14362839,0.5402836,0.9396801,0.06333485,0.97171414,0.8711046,0.30097386,1.3572606,0.75164354,0.14308923,0.09807862,0.12270922,0.10245022,0.3702291,0.09917886,0.025371421,0.03889331
4.mp4,128,0,12.0,0.56540775,0.1145102,0.15876198,0.40055475,2.6545146,0.25614265,0.5987154,0.88475084,0.32109615,1.3998265,0.75164354,0.14460988,0.10669024,0.11117536,0.10229038,0.3745853,0.09652273,0.024594022,0.039532065
4.mp4,129,0,11.0,0.56540775,0.14432938,0.15521272,0.25216612,1.2071224,0.25614265,0.52967906,0.8989809,0.3574488,1.7760583,0.92098,0.14090893,0.10666517,0.109816045,0.097590946,0.3922558,0.087786146,0.024989696,0.039987262
4.mp4,130,0,13.0,0.56540775,0.15598431,0.15293494,0.9325348,1.5664399,0.25614265,0.52967906,0.98602796,0.3062434,1.7760583,0.92098,0.12350442,0.09935863,0.11789109,0.11846381,0.40268442,0.07986798,0.02214129,0.03608836
4.mp4,131,0,14.0,0.56540775,0.15571207,0.19262244,0.9002426,3.125424,0.25614265,0.52967906,1.0387766,0.24987143,1.7760583,0.92098,0.11320232,0.07867973,0.12170361,0.1302632,0.42433563,0.079204455,0.023485128,0.02912593
4.mp4,132,0,13.0,0.56540775,0.16416954,0.19690278,0.9105838,2.418392,0.25614265,0.52967906,0.9870282,0.27248138,1.7760583,0.92098,0.108752884,0.08271694,0.10220426,0.14033082,0.42575276,0.08705688,0.023558086,0.029627362
4.mp4,133,0,15.0,0.53869915,0.16161966,0.15740892,0.9316898,0.59890103,0.25614265,0.52967906,0.9086179,0.30927208,1.7760583,0.92098,0.10831425,0.09679629,0.10913487,0.13602842,0.41580787,0.08517942,0.020922096,0.027816754
4.mp4,134,0,17.0,0.5911037,0.14724098,0.15657318,0.85381347,2.792559,0.25468186,0.52967906,0.8991356,0.29800346,1.7760583,0.92098,0.105124235,0.09180203,0.12935974,0.15040655,0.39036363,0.08222498,0.02388405,0.026834778
4.mp4,135,0,16.0,0.5911037,0.13178816,0.15543379,0.63516396,3.082599,0.117153704,0.6420652,0.89554256,0.2659826,1.3921791,0.61123174,0.110971145,0.098860845,0.1447355,0.17143552,0.35500312,0.07741371,0.01953766,0.022042487
4.mp4,136,0,16.0,0.5911037,0.12437107,0.11090489,0.4950128,2.6185303,0.12606627,0.69707674,0.85932297,0.25923976,1.3921791,0.61123174,0.12708396,0.11374945,0.1489291,0.16273682,0.3247709,0.07421912,0.021537919,0.02697272
4.mp4,137,0,19.0,0.6099532,0.13098423,0.11090489,0.46092114,2.1356995,0.12606627,0.69707674,0.86934257,0.2535529,1.3921791,0.61123174,0.13670735,0.13010378,0.1534824,0.16254473,0.3047396,0.06783514,0.018203609,0.026383385
4.mp4,138,0,19.0,0.51964223,0.14590721,0.1883415,0.2383072,0.60744107,0.12606627,0.69707674,0.8920529,0.23617229,1.3921791,0.61123174,0.1371803,0.13818891,0.16347887,0.16060139,0.2983889,0.05787304,0.018114842,0.026173754
4.mp4,139,0,22.0,0.51964223,0.13033095,0.1883415,0.60650134,2.7752807,0.12606627,0.73172784,0.96378994,0.16956167,1.3921791,0.61123174,0.13837261,0.1313738,0.16624296,0.16599649,0.29777545,0.05875223,0.016799856,0.024686607
4.mp4,140,0,26.0,0.51964223,0.16516288,0.28783882,0.9018714,2.5783615,0.13236047,0.73172784,0.9467338,0.14487085,1.2549224,0.61123174,0.14917621,0.1333367,0.1580485,0.1448074,0.31479442,0.060975075,0.014183538,0.024678145
4.mp4,141,0,24.0,0.52105093,0.18766686,0.28368104,0.97446215,1.9931859,0.13236047,0.74631065,0.9391996,0.124707535,1.2261268,0.5618952,0.14762868,0.13804528,0.1543122,0.13807216,0.315859,0.06606899,0.013871061,0.02614265
4.mp4,142,0,26.0,0.70857054,0.19924879,0.2802275,0.95951104,1.0281569,0.13236047,0.74631065,0.9927104,0.11084028,1.2739102,0.6802261,0.13636518,0.13017613,0.16519324,0.13330448,0.3223678,0.07247264,0.0143125765,0.025807956
4.mp4,143,0,26.0,0.70857054,0.17031242,0.27136314,0.925833,3.0247283,0.13236047,0.74631065,0.9729653,0.12914975,1.2739102,0.6802261,0.13158874,0.12552541,0.16864663,0.12293877,0.33409473,0.073674254,0.0151583105,0.02837316
4.mp4,144,0,34.0,0.70857054,0.18127798,0.26327363,0.925833,3.0247283,0.21949841,0.49048132,1.3809341,1.1981435,7.2987404,6.8380904,0.12908556,0.13483033,0.15788296,0.10993838,0.3366819,0.07076423,0.029107017,0.031709634
4.mp4,145,0,37.0,0.70857054,0.18029405,0.10356827,0.925833,3.0247283,0.21949841,0.49048132,1.5888301,1.2180858,7.2987404,6.8380904,0.11112548,0.1501347,0.13658941,0.09210495,0.39600947,0.058778428,0.027078548,0.028179009
4.mp4,146,0,39.0,0.70857054,0.173684,0.09896196,0.925833,2.4903655,0.21949841,0.49048132,1.7948078,1.2144347,7.2987404,6.8380904,0.10709816,0.15934528,0.11620589,0.0826784,0.43488163,0.048373893,0.025911516,0.025505211
4.mp4,147,0,38.0,0.47750512,0.17555286,0.33453918,0.925833,3.1304417,0.21949841,0.49048132,1.9815478,1.1734663,7.2987404,6.8380904,0.10686667,0.15544593,0.09287021,0.06692048,0.4906126,0.03931363,0.025364686,0.022605782
4.mp4,148,0,39.0,0.47750512,0.1948925,0.36774424,0.6033432,0.44091094,0.21949841,0.49048132,2.0870197,1.1153005,7.2987404,6.8380904,0.10573747,0.16094859,0.08179307,0.053233687,0.53008896,0.02886472,0.021693613,0.017639874
4.mp4,149,0,34.0,0.47750512,0.19011644,0.39608964,0.6033432,0.6928223,0.21949841,0.49048132,2.365391,0.9695482,7.2987404,6.8380904,0.098648906,0.16193615,0.07172874,0.048516735,0.5666706,0.020729544,0.019342868,0.012426429
4.mp4,150,0,37.0,0.4864896,0.19682552,0.41495067,0.57623553,0.5122389,0.22568001,0.6192879,2.168466,0.3383477,2.8147738,0.90224373,0.084799804,0.16829358,0.059758417,0.035569318,0.6343338,0.009559139,0.003433687,0.0042522536
4.mp4,151,0,36.0,0.49414322,0.19231595,0.24672931,0.6481767,0.37219518,0.55530185,0.009062512,2.1575847,0.33598754,2.8147738,0.90224373,0.08229183,0.17732245,0.05850218,0.03491667,0.6300417,0.008896743,0.0036592425,0.004369154
4.mp4,152,0,33.0,0.501296,0.19286987,0.24345908,0.672335,0.4400152,0.55530185,0.009062512,2.1204753,0.33308613,2.8147738,0.90224373,0.068471536,0.18889375,0.06292789,0.033824503,0.6289915,0.00870533,0.0037243038,0.0044612144
4.mp4,153,0,36.0,0.501296,0.1805138,0.24345908,0.672335,1.2409774,0.9670129,0.008180974,2.1654572,0.34014228,2.8147738,0.90224373,0.058526088,0.19460897,0.06662863,0.03599051,0.6295471,0.0066957683,0.0034837315,0.0045191906
4.mp4,154,0,40.0,0.501296,0.17959298,0.24345908,0.672335,1.2409774,0.9670129,0.008180974,2.243225,0.27431074,2.8147738,0.90224373,0.052637387,0.19349594,0.059375905,0.03971817,0.6406244,0.00652076,0.0037167736,0.0039106663
4.mp4,155,0,38.0,0.42199206,0.1732024,0.19100164,0.52525616,1.2409774,0.9670129,0.008180974,2.1729105,0.23823069,2.7878067,0.8426366,0.04778709,0.1994089,0.057526834,0.040623438,0.63720924,0.008357595,0.0047022495,0.0043846495
4.mp4,156,0,40.0,0.4275188,0.1670018,0.19100164,0.6402036,1.2409774,0.9670129,0.008180974,2.1310408,0.2231758,2.5798445,0.8426366,0.048355486,0.18848237,0.054705523,0.03979278,0.6495109,0.0091944765,0.005060048,0.0048984317
4.mp4,157,0,46.0,0.4275188,0.1607833,0.19100164,0.6402036,1.2409774,0.9670129,0.008180974,2.0747826,0.25396907,2.5798445,0.8426366,0.05187505,0.1607068,0.05939343,0.043394882,0.6639719,0.010682314,0.005113905,0.0048617283
4.mp4,158,0,41.0,0.4275188,0.1426128,0.14182642,0.6402036,0.44218385,0.9670129,0.008180974,1.9527227,0.3772067,2.5798445,0.8426366,0.058019504,0.14299592,0.06693943,0.04484819,0.6660743,0.01130276,0.0048199585,0.004999957
4.mp4,159,0,38.0,0.4275188,0.13735403,0.14182642,0.8081597,0.5848829,0.9317889,0.02093105,1.7944753,0.33895484,2.3581898,0.5600434,0.059954535,0.1341025,0.073530346,0.042171434,0.667784,0.012230412,0.004946677,0.005280128
4.mp4,160,0,41.0,0.32661402,0.12412676,0.14182642,0.92021847,0.80470693,0.9317889,0.02093105,1.651764,0.32365623,2.3265443,0.5600434,0.059231296,0.13678381,0.08270052,0.041714642,0.6574618,0.012144179,0.0045620836,0.005401624
4.mp4,161,0,38.0,0.35758594,0.11626708,0.13065682,0.81477195,1.0311226,0.9317889,0.02093105,1.5766008,0.27631852,2.051533,0.7705328,0.057387024,0.12348417,0.07828463,0.04467931,0.6763351,0.010900583,0.0038880676,0.0050411015
4.mp4,162,0,38.0,0.3643168,0.11458901,0.19130787,0.66760355,1.0311226,0.9317889,0.02093105,1.5143132,0.2361385,2.0263305,0.7705328,0.051400874,0.11720239,0.075282805,0.04884243,0.6879703,0.01103015,0.0037153857,0.004555659
4.mp4,163,0,36.0,0.3921465,0.11291498,0.1872019,0.67053264,1.0311226,0.82838076,0.03863306,1.4535277,0.19400996,2.0263305,0.7705328,0.04547983,0.112998605,0.07227448,0.050029743,0.69962215,0.0107043525,0.0040868823,0.0048039355
4.mp4,164,0,34.0,0.3921465,0.10829391,0.18070294,0.7578535,1.0311226,0.82838076,0.03863306,1.4643162,0.17938374,2.0263305,0.7705328,0.038557652,0.11066839,0.060229827,0.05063993,0.72138137,0.010213817,0.0037336221,0.00457542
4.mp4,165,0,32.0,0.3921465,0.09860316,0.17545071,0.55397433,1.7008832,0.82838076,0.03863306,1.4433613,0.18849415,2.0263305,0.7705328,0.03916593,0.10949895,0.047524452,0.053843666,0.73097634,0.010760814,0.0038443261,0.0043855016
4.mp4,166,0,35.0,0.3577427,0.094694704,0.17420106,0.6759029,1.8770245,0.82838076,0.03863306,1.4183483,0.20816046,2.0263305,0.7705328,0.03905024,0.113278925,0.032796808,0.055438776,0.7365795,0.012677924,0.004957351,0.0052205147
4.mp4,167,0,37.0,0.32994464,0.092344396,0.13889402,0.8704644,2.9358697,0.4129479,0.36068943,1.3568019,0.16109511,1.7996736,0.47677696,0.041875932,0.12664542,0.035053167,0.058780983,0.7107386,0.016288215,0.0051413397,0.0054763723
4.mp4,168,0,36.0,0.35468686,0.09042482,0.13889402,0.9410912,0.65768695,0.4129479,0.36068943,1.2943652,0.14550504,1.6659101,0.43367904,0.042427216,0.13413863,0.037270933,0.0648253,0.6901263,0.01908698,0.0057161604,0.0064084814
4.mp4,169,0,30.0,0.38251886,0.092308655,0.1423463,0.9467401,2.1316032,0.22485633,0.48027724,1.2344825,0.13289905,1.517955,0.2945161,0.04590409,0.1423862,0.041215513,0.065886214,0.6689455,0.022220919,0.00602189,0.0074196714
4.mp4,170,0,30.0,0.41304925,0.092706464,0.10936306,0.91301495,2.7807808,0.80121577,0.05506579,1.1879727,0.118160024,1.517955,0.3106552,0.0514689,0.14878833,0.041135684,0.06476582,0.6543302,0.025378335,0.0065277917,0.0076049655
4.mp4,171,0,28.0,0.41304925,0.09661542,0.11720922,0.78040695,2.921113,0.8439391,0.04238189,1.24343,0.21892188,1.8882676,0.5829947,0.061473023,0.14641427,0.042923592,0.06367104,0.64664,0.024911782,0.0066682906,0.007297991
4.mp4,172,0,32.0,0.36544168,0.10116219,0.15835251,0.5538509,1.7494013,0.909351,0.008635754,1.3108076,0.25108263,1.8882676,0.5829947,0.074567474,0.1436195,0.041629877,0.059608042,0.6454063,0.023413077,0.005598974,0.006156783
4.mp4,173,0,34.0,0.30748725,0.098262705,0.15835251,0.89983696,2.5505264,0.96017647,0.0065187966,1.3646194,0.26838893,1.8882676,0.5829947,0.08071483,0.14013328,0.038909588,0.053130396,0.6533424,0.021896107,0.0060093896,0.0058640013
4.mp4,174,0,33.0,0.30748725,0.10269395,0.15835251,0.74214387,1.142115,0.96017647,0.0065187966,1.4361452,0.26178613,1.8882676,0.5829947,0.087697886,0.14107716,0.03664094,0.04394597,0.65735227,0.02191195,0.0061250804,0.0052487277
4.mp4,175,0,34.0,0.32387862,0.102162816,0.15835251,0.44493833,3.1115634,0.96017647,0.0065187966,1.4995068,0.21148472,1.8882676,0.5829947,0.08852062,0.14166613,0.032784116,0.037335075,0.66654027,0.022410607,0.005685512,0.0050576837
4.mp4,176,0,38.0,0.3822934,0.11166214,0.1763283,0.38626146,3.1152248,0.96017647,0.0065187966,1.5934833,0.14501573,2.0142365,0.5829947,0.08848488,0.13123083,0.032494396,0.03391196,0.68237907,0.019630017,0.0052353153,0.006633547
4.mp4,177,0,37.0,0.3822934,0.11161954,0.15770443,0.66388255,2.9790814,0.96017647,0.0017684926,1.6070931,0.15235828,2.0142365,0.58236355,0.086201005,0.13566856,0.0317139,0.03082941,0.6823789,0.021294802,0.005278199,0.0066352678
4.mp4,178,0,35.0,0.42661923,0.11189698,0.15000097,0.72556484,2.8883145,0.96017647,0.0017684926,1.661788,0.1943386,2.1122818,0.58236355,0.08744839,0.13344243,0.031114453,0.028053237,0.68379766,0.023140762,0.005550624,0.007452431
4.mp4,179,0,34.0,0.42661923,0.11243545,0.14445314,0.5775677,2.5634353,0.89796,0.0012634954,1.7288274,0.22046815,2.1122818,0.58236355,0.10796976,0.13381998,0.027373182,0.024577478,0.6707588,0.023057604,0.0049303235,0.007512874
4.mp4,180,0,33.0,0.42661923,0.111241184,0.14325112,0.5677973,1.3531762,0.89796,0.0012634954,1.7736114,0.21646479,2.1122818,0.58236355,0.12701967,0.14011091,0.026946018,0.023352817,0.6485639,0.021882597,0.0041770968,0.007946964
4.mp4,181,0,32.0,0.45065668,0.110005714,0.21488571,0.85393023,0.5118841,0.87052935,0.0012634954,1.8410139,0.17000315,2.1122818,0.58236355,0.13790251,0.14475834,0.028650984,0.02265806,0.6360862,0.019185662,0.0039735376,0.006784667
4.mp4,182,0,34.0,0.412724,0.11606698,0.21488571,0.48213148,2.070262,0.87052935,0.0012634954,1.892435,0.14762884,2.1590617,0.56845236,0.1382048,0.15247335,0.030350847,0.023075378,0.626063,0.0210549,0.004072982,0.004704745
4.mp4,183,0,31.0,0.40903893,0.12362741,0.21488571,0.48213148,0.36027566,0.8692557,0.0012634954,1.9389119,0.1422132,2.167017,0.56845236,0.13526945,0.1577769,0.040491797,0.023688013,0.6129526,0.020738035,0.004013905,0.0050692973
4.mp4,184,0,29.0,0.40903893,0.1304634,0.21488571,0.48213148,0.48299962,0.8610364,0.0012634954,1.9314142,0.14812095,2.167017,0.56845236,0.13272402,0.16420369,0.04361165,0.027294029,0.6027332,0.020951523,0.0038480011,0.0046339016
4.mp4,185,0,23.0,0.4022814,0.13592358,0.21133569,0.6488762,0.48299962,0.8113629,0.004664485,1.93279,0.1552195,2.167017,0.56845236,0.11634192,0.16963568,0.054857563,0.029694198,0.6006832,0.020626586,0.0037727212,0.0043881293
4.mp4,186,0,22.0,0.32811463,0.137676,0.13562478,0.38014358,0.48299962,0.21370016,0.6341859,2.014231,0.21655379,2.613524,0.5737868,0.10546453,0.16289882,0.060078513,0.027820157,0.61790174,0.019296521,0.003440208,0.0030995037
4.mp4,187,0,22.0,0.30808622,0.13481924,0.13040538,0.5657025,0.93135434,0.15689002,0.6341859,2.0536494,0.22303052,2.613524,0.8260152,0.10184895,0.16421591,0.058943875,0.026292704,0.62235373,0.019609107,0.0034782928,0.0032574488
4.mp4,188,0,22.0,0.41722918,0.14579342,0.25479838,0.7303153,0.6498715,0.13387059,0.6341859,2.1666152,0.33032262,3.1574118,0.8260152,0.10285898,0.16987164,0.055889938,0.025669452,0.6209157,0.017522417,0.0031415059,0.004130328
4.mp4,189,0,21.0,0.41722918,0.14962077,0.25479838,0.4555082,0.60166657,0.13387059,0.5513497,2.1864855,0.32639444,3.1574118,0.8260152,0.104844056,0.16930427,0.05159758,0.023979375,0.6263454,0.01691134,0.0028534955,0.0041644764
4.mp4,190,0,20.0,0.41722918,0.1568079,0.25479838,0.34653288,0.60166657,0.13387059,0.5513497,2.2433271,0.2898023,3.1574118,0.8260152,0.09892039,0.16635497,0.049740873,0.019374687,0.64075106,0.01748281,0.0034550028,0.0039202184
4.mp4,191,0,23.0,0.41722918,0.16115375,0.25479838,0.34653288,0.60166657,0.93040276,0.01905546,2.3328888,0.3071803,3.1574118,1.1511672,0.09323427,0.16060631,0.04270369,0.020255646,0.65193903,0.022261985,0.004710399,0.0042886646
4.mp4,192,0,24.0,0.55880904,0.16827393,0.25479838,0.8088378,0.4699281,0.9349442,0.01905546,2.351455,0.3058749,3.1574118,1.1511672,0.082142726,0.16452105,0.04003154,0.022989156,0.65921825,0.021713726,0.0048472625,0.0045362585
4.mp4,193,0,24.0,0.55880904,0.15790872,0.123071305,0.58858013,0.69317865,0.94407284,0.0122488495,2.429166,0.28513747,3.1574118,1.1511672,0.08895263,0.15566789,0.038766168,0.02173155,0.66464233,0.020069558,0.004649804,0.005520071
4.mp4,194,0,27.0,0.55880904,0.15983713,0.12537763,0.58731455,0.42718464,0.94407284,0.0122488495,2.4642928,0.34640634,3.4743066,1.2914125,0.09082394,0.1472984,0.039422788,0.026498174,0.66544336,0.020184519,0.0050413343,0.005287487
4.mp4,195,0,30.0,0.55880904,0.16213085,0.12537763,0.58731455,0.47899273,0.96603066,0.0015436918,2.586933,0.3590163,3.4743066,1.2914125,0.091282845,0.14884417,0.034860373,0.026602883,0.6652275,0.022634339,0.005424628,0.0051232595
4.mp4,196,0,33.0,0.55880904,0.16137241,0.12537763,0.59895355,0.47899273,0.96603066,0.0015436918,2.6856043,0.3210976,3.4743066,1.2914125,0.09701709,0.14975257,0.03358296,0.025493747,0.6647395,0.019397758,0.0047409753,0.0052754357
4.mp4,197,0,32.0,0.43908042,0.15521698,0.12058939,0.55331177,0.5257176,0.96603066,0.0015436918,2.6427274,0.34396827,3.4743066,1.2914125,0.10251895,0.14993086,0.033646956,0.02299093,0.65765595,0.019163834,0.0077549904,0.0063375467
4.mp4,198,0,33.0,0.46685302,0.16205065,0.10613643,0.32535818,0.47899273,0.96603066,0.0015436918,2.7574103,0.37683702,3.4909701,1.2914125,0.10531108,0.14600283,0.029288521,0.023540452,0.66433567,0.018052531,0.007287289,0.0061816527
4.mp4,199,0,34.0,0.46269304,0.16526464,0.10613643,0.32535818,0.43211973,0.96603066,0.0015436918,2.8770888,0.4381261,3.628367,1.2914125,0.099238895,0.16013317,0.029020818,0.02877355,0.6474471,0.022923551,0.0073909005,0.0050720093
4.mp4,200,0,32.0,0.43863347,0.16423729,0.10613643,0.32535818,0.43211973,0.96603066,0.0015436918,2.8884919,0.41869214,3.628367,1.1547846,0.105168596,0.16084953,0.033674702,0.027217623,0.63586533,0.02382055,0.008033977,0.005369663
4.mp4,201,0,29.0,0.4157962,0.1579747,0.16949785,0.32535818,1.5083199,0.9263818,0.004787712,2.9852078,0.46589833,3.6866508,1.1547846,0.10506086,0.15243275,0.039528593,0.030361705,0.6378704,0.021882622,0.007750818,0.005112303
4.mp4,202,0,28.0,0.5539644,0.17473774,0.16751628,0.4319018,1.5576632,0.9263818,0.004787712,3.078433,0.48202038,3.6866508,1.1547846,0.10374576,0.14781651,0.04470221,0.036743645,0.6328878,0.021810673,0.007412443,0.0048809485
4.mp4,203,0,27.0,0.5539644,0.18219143,0.16751628,0.47618088,1.0953194,0.87809587,0.008441986,3.1737533,0.3396617,3.6866508,1.1547846,0.09967917,0.1433722,0.0512466,0.03916488,0.63731706,0.020406647,0.0042081745,0.0046052802
4.mp4,204,0,28.0,0.5539644,0.19049682,0.16751628,0.47618088,1.1496531,0.93726516,0.00067520695,3.175771,0.355415,3.6866508,1.1296208,0.09833335,0.14432923,0.05666849,0.03718028,0.63003683,0.023320964,0.0054811505,0.0046497076
4.mp4,205,0,26.0,0.5539644,0.19520237,0.16751628,0.47618088,0.54366857,0.93726516,0.00067520695,3.1197357,0.35177946,3.6866508,1.1296208,0.09329768,0.13669354,0.06526328,0.03608214,0.63218915,0.019880552,0.0073137083,0.009279949
4.mp4,206,0,27.0,0.5539644,0.1872497,0.1150422,0.6130858,1.8454835,0.93726516,0.00067520695,3.02914,0.44179875,3.6866508,1.1296208,0.087393075,0.14141463,0.07010594,0.035397038,0.6100581,0.028013056,0.013233125,0.014385003
4.mp4,207,0,30.0,0.48503357,0.18232585,0.1150422,0.5669007,1.4011023,0.93726516,0.00067520695,2.9747214,0.4092392,3.6668684,1.5860317,0.082468115,0.14858192,0.06774438,0.04226989,0.6016531,0.027838197,0.014014925,0.015429498
4.mp4,208,0,28.0,0.48688304,0.18712148,0.09640103,0.33793125,0.62453145,0.93726516,0.00067520695,2.8548307,0.37294763,3.6396067,1.5860317,0.0796818,0.14931855,0.06668982,0.04201844,0.59822035,0.031081349,0.01622245,0.016767234
4.mp4,209,0,27.0,0.4913595,0.19916834,0.18962888,0.4346232,0.62453145,0.93726516,0.00067520695,2.7770457,0.43087706,3.6396067,1.5860317,0.08311485,0.15254976,0.06012145,0.04369068,0.5928201,0.029865619,0.01753045,0.020307073
4.mp4,210,0,28.0,0.4913595,0.20520325,0.18962888,0.15377389,0.79128623,0.27344406,0.44296217,2.840778,0.5015965,3.902435,1.5860317,0.08730463,0.14595838,0.058998946,0.049224917,0.59427875,0.027660051,0.016441334,0.020132963
5.mp4,0,0,18.0,0.35641894,0.07001888,0.2303202,0.47782895,2.9957607,0.6624501,0.16642639,1.3702625,0.36424792,2.0063179,1.2373348,0.024123922,0.04084075,0.14138402,0.16847257,0.19084343,0.22119579,0.16753322,0.0456063
5.mp4,1,0,18.0,0.3280145,0.06189378,0.22076322,0.17851396,2.6730375,0.6624501,0.16642639,1.4295572,0.26958683,2.0063179,1.2203262,0.021511074,0.03288481,0.14061102,0.18027432,0.19490267,0.22014901,0.17113885,0.03852825
5.mp4,2,0,18.0,0.5062467,0.09723664,0.21806192,0.64142334,2.830338,0.6624501,0.16642639,1.3983954,0.25550935,1.8532604,1.1389486,0.022832671,0.033440202,0.14007995,0.20297743,0.20181951,0.20236357,0.15957268,0.036913984
5.mp4,3,0,19.0,0.5897046,0.11990729,0.24684295,0.7630596,3.0847695,0.6624501,0.16642639,1.3666365,0.29679322,1.8532604,1.0165875,0.022108173,0.032503948,0.14997533,0.19094245,0.22173859,0.19039653,0.15152842,0.040806554
5.mp4,4,0,19.0,0.5897046,0.12947229,0.23867504,0.44866598,3.0818772,0.6624501,0.16642639,1.3525504,0.29554057,1.8532604,0.9700885,0.021265812,0.031325985,0.16204086,0.21574298,0.24303493,0.15340446,0.124152616,0.04903236
5.mp4,5,0,23.0,0.5897046,0.14583382,0.2591915,0.4847697,3.1148732,0.6624501,0.16642639,1.3338479,0.28705657,1.8532604,0.9700885,0.025260478,0.03114788,0.14291677,0.21142256,0.2847768,0.13813935,0.11355079,0.05278534
5.mp4,6,0,26.0,0.5897046,0.17113858,0.3784183,0.7250803,2.9208019,0.059186094,0.71538806,1.2679896,0.28492916,1.8532604,0.9097457,0.02663685,0.02893108,0.14177845,0.22291239,0.27867252,0.14535403,0.106211804,0.049502864
5.mp4,7,0,28.0,0.4736243,0.17763637,0.40577745,0.6032596,3.068204,0.10920662,0.71538806,1.2662195,0.2988179,1.9515795,1.2480544,0.033722296,0.032956813,0.16176958,0.2258992,0.24109496,0.14283817,0.10223919,0.059479788
5.mp4,8,0,27.0,0.5073409,0.15978713,0.40577745,0.68160963,3.0646334,0.10920662,0.71538806,1.2635516,0.29159117,1.9515795,1.2480544,0.042926922,0.030978922,0.1600115,0.21227148,0.22821936,0.15706727,0.095851935,0.07267263
5.mp4,9,0,24.0,0.5073409,0.15445441,0.41362926,0.7805475,2.5360353,0.10920662,0.71538806,1.3095319,0.24402036,1.9515795,1.2480544,0.04619271,0.031786736,0.15128513,0.20811401,0.21249287,0.18122543,0.10304083,0.065862276
5.mp4,10,0,22.0,0.5073409,0.13509542,0.30839083,0.68187267,2.9221382,0.10920662,0.71538806,1.400689,0.280352,1.9515795,1.2480544,0.046296764,0.034005366,0.17096306,0.21199661,0.18329875,0.20317501,0.10130125,0.04896317
5.mp4,11,0,21.0,0.5073409,0.12769781,0.34276095,0.84363925,3.137774,0.10920662,0.8043286,1.4179066,0.29064533,1.9515795,1.2480544,0.041418985,0.03269702,0.18591984,0.23788172,0.14378014,0.21488252,0.098499246,0.04492053
5.mp4,12,0,21.0,0.5073409,0.095150284,0.34925607,0.85520047,3.1043262,0.10920662,0.8043286,1.4150584,0.2746117,1.9515795,1.2480544,0.03987498,0.03558892,0.1928536,0.23019446,0.13394254,0.21622661,0.10180027,0.049518615
5.mp4,13,0,17.0,0.43925267,0.08998822,0.23360537,0.8794018,2.8398073,0.09148614,0.84733635,1.3770847,0.24934152,1.8845626,0.9997723,0.032638967,0.033274565,0.17252117,0.24764925,0.13926578,0.22821407,0.10381294,0.042623255
5.mp4,14,0,18.0,0.43925267,0.09391549,0.21742244,0.6462867,1.8744732,0.09146591,0.861191,1.4232758,0.32017097,2.1396236,1.0893223,0.022957625,0.033093084,0.17466135,0.28865793,0.13427073,0.21930563,0.09545674,0.0315969
5.mp4,15,0,21.0,0.43925267,0.10380097,0.22531728,0.73987633,2.960946,0.06015005,0.8707733,1.4223733,0.34839144,2.1396236,1.235757,0.01937545,0.03292796,0.18168028,0.3014596,0.14640768,0.19775456,0.08804622,0.03234824
5.mp4,16,0,21.0,0.43925267,0.10001801,0.22408842,0.5775297,2.981602,0.17992783,0.51291925,1.3780887,0.32333857,2.1396236,1.235757,0.021701323,0.0328054,0.14409797,0.2926548,0.19416241,0.19179054,0.08791503,0.034872513
5.mp4,17,0,22.0,0.43925267,0.12124823,0.23355831,0.5906234,3.126199,0.17992783,0.51291925,1.3205098,0.3417795,2.1396236,1.235757,0.02371693,0.030274263,0.12185314,0.2661348,0.22403428,0.19932392,0.09683424,0.03782842
5.mp4,18,0,23.0,0.4221756,0.12590744,0.23689593,0.64980567,2.8128905,0.17992783,0.51291925,1.3279845,0.33932137,2.1396236,1.235757,0.027618116,0.02401877,0.09735238,0.2606106,0.25687936,0.2025421,0.09182668,0.039151985
5.mp4,19,0,20.0,0.65677476,0.14719068,0.24422807,0.44962242,2.8475566,0.17992783,0.51291925,1.3012214,0.35010967,2.1396236,1.235757,0.03259197,0.023362294,0.09665454,0.24252827,0.2579755,0.20132424,0.098666094,0.046897102
5.mp4,20,0,18.0,0.65677476,0.14758979,0.15747212,0.44962242,2.2711272,0.17992783,0.51291925,1.2394979,0.25931406,1.9309775,1.235757,0.03631333,0.026381537,0.10221899,0.18867308,0.26662698,0.2162178,0.11242954,0.051138747
5.mp4,21,0,17.0,0.65677476,0.15859564,0.20398448,0.44962242,1.479908,0.17992783,0.51291925,1.25836,0.26026273,1.9723505,1.2006843,0.037552208,0.022602728,0.10560649,0.18899153,0.24900782,0.22889724,0.12004991,0.047292076
5.mp4,22,0,17.0,0.65677476,0.16838375,0.20404585,0.9227167,2.9006393,0.10052728,0.7595195,1.2764997,0.3069231,2.226072,1.0495087,0.03621029,0.027591199,0.12540445,0.19637392,0.20748447,0.22623773,0.13526253,0.045435417
5.mp4,23,0,13.0,0.65677476,0.12812172,0.20368814,0.44962242,2.7944093,0.0,1.100161,1.3037096,0.29402417,2.226072,1.1106999,0.035479847,0.027159642,0.13234869,0.20769003,0.1841473,0.22679204,0.1416995,0.044682946
5.mp4,24,0,10.0,0.29535824,0.03588717,0.20130672,0.26046664,2.772349,0.0,1.1890868,1.2287848,0.354314,2.226072,1.1106999,0.035317842,0.02850073,0.1325498,0.19923164,0.16380507,0.23774222,0.15177216,0.051080555
5.mp4,25,0,8.0,0.3589311,0.06673022,0.20033704,0.858609,2.547083,0.0,1.7341988,1.1275438,0.44382346,2.226072,1.1106999,0.035601325,0.0312923,0.13533808,0.180741,0.18432902,0.23730929,0.14787745,0.04751151
5.mp4,26,0,7.0,0.40001708,0.08995389,0.2914943,0.7972,1.8910356,0.0,1.1593736,1.1308806,0.446255,2.226072,1.1106999,0.03636553,0.03069656,0.123129405,0.18977769,0.192883,0.22609276,0.14348724,0.057567827
5.mp4,27,0,6.0,0.5199468,0.11205861,0.29008195,0.37783843,1.5972372,0.0,1.1593736,1.0899338,0.4143159,2.226072,1.1106999,0.042712025,0.035891667,0.10962272,0.16999848,0.21036318,0.2286146,0.14055443,0.06224289
5.mp4,28,0,7.0,0.5199468,0.113809474,0.29944277,0.37783843,3.1384737,0.0,1.1593736,0.99713427,0.33153287,1.7407767,1.1106999,0.044578716,0.036060028,0.104766384,0.15030661,0.20829111,0.24536799,0.14173259,0.068896584
5.mp4,29,0,10.0,0.6251569,0.13487984,0.3048148,0.6976519,2.637359,0.0,1.1001658,1.0512139,0.37450355,1.7407767,1.1687235,0.043716945,0.042529788,0.11984265,0.1565406,0.2089265,0.23085204,0.12960485,0.06798662
5.mp4,30,0,12.0,0.6392325,0.13700263,0.3059477,0.73020756,3.0738814,0.22802538,0.49245694,1.1996952,0.4336101,2.1087236,1.2499468,0.042518556,0.044552606,0.13488284,0.20131542,0.19147271,0.20786959,0.12139455,0.055993736
5.mp4,31,0,14.0,0.6392325,0.11985067,0.30524114,0.9314484,3.124333,0.22802538,0.49245694,1.3484421,0.31244224,2.1087236,1.2499468,0.045541693,0.044827055,0.14504333,0.2127829,0.16065834,0.21368013,0.12122099,0.056245532
5.mp4,32,0,13.0,0.6392325,0.10904936,0.31638923,0.7852757,2.19258,0.31893075,0.49245694,1.3353032,0.3296176,2.1087236,1.2499468,0.047329713,0.044711594,0.1484215,0.22312851,0.14067848,0.22157927,0.12362732,0.050523624
5.mp4,33,0,14.0,0.6392325,0.11698666,0.35104257,0.73020756,3.1283848,0.31893075,0.49245694,1.3157089,0.3469765,2.1087236,1.2499468,0.044157878,0.043332648,0.15020807,0.21503846,0.13729659,0.22461371,0.12557638,0.059776258
5.mp4,34,0,20.0,0.4513996,0.10114658,0.26589304,0.5857958,2.7248907,0.31893075,0.49245694,1.3262215,0.32848543,2.1087236,1.2499468,0.04382613,0.0399738,0.15194099,0.2151629,0.15280192,0.22083691,0.12123774,0.05421963
5.mp4,35,0,20.0,0.50754476,0.1101828,0.36049524,0.9419642,3.0755796,0.31893075,0.49245694,1.2994314,0.3172166,2.1087236,1.2499468,0.042873714,0.038196012,0.15182468,0.204731,0.18311073,0.21855092,0.10852771,0.052185226
5.mp4,36,0,18.0,0.54132384,0.12256597,0.3600925,0.9247571,3.123539,0.31893075,0.49604356,1.2540209,0.2353118,1.6338135,1.1056674,0.041425385,0.036417987,0.14750195,0.17831403,0.21336266,0.22822191,0.10282708,0.05192901
5.mp4,37,0,18.0,0.54132384,0.12371423,0.42563057,0.9714369,3.0763664,0.31893075,0.49604356,1.2783599,0.258552,1.8191984,1.0336396,0.03252942,0.032513574,0.16820338,0.18689442,0.21915442,0.22339214,0.092684925,0.044627715
5.mp4,38,0,17.0,0.6083958,0.13158233,0.4847855,0.91497636,2.8272767,0.24387337,0.5815403,1.2684377,0.22641824,1.8191984,0.82283235,0.026738834,0.03473698,0.1857107,0.19203171,0.21323092,0.22375748,0.08704574,0.036747634
5.mp4,39,0,15.0,0.60958713,0.12976632,0.48573476,0.6684939,3.108441,0.052837662,0.9449221,1.3003532,0.20621952,1.8191984,0.82283235,0.020724094,0.034861732,0.20245895,0.22909963,0.19624108,0.21888502,0.07563044,0.022099076
5.mp4,40,0,16.0,0.6569482,0.1382036,0.52316123,0.526783,2.6674006,0.052837662,0.9449221,1.3489243,0.18811895,1.8191984,1.2328212,0.021011764,0.03439205,0.20558818,0.2306059,0.18167275,0.213405,0.07447438,0.03884998
5.mp4,41,0,19.0,0.50854045,0.119751014,0.3169912,0.57225543,2.977091,0.052837662,1.0491897,1.358063,0.20287903,1.8191984,1.2328212,0.019084604,0.028826747,0.20843853,0.2501982,0.13622677,0.22185437,0.09318816,0.04218264
5.mp4,42,0,17.0,0.54426354,0.124678634,0.3169912,0.418105,2.8718662,0.008695254,1.1278185,1.3320814,0.21223187,1.8191984,1.2328212,0.023312235,0.037224054,0.23378737,0.2363405,0.09781381,0.22266594,0.10093503,0.04792108
5.mp4,43,0,18.0,0.46419543,0.09603392,0.35326248,0.20212525,2.4343204,0.0,1.1928633,1.3200612,0.2073216,1.7432258,1.2328212,0.027340697,0.043831084,0.20231986,0.21918148,0.116031885,0.22096272,0.117542855,0.052789427
5.mp4,44,0,20.0,0.5233861,0.13116553,0.28610075,0.63386613,0.956019,0.0,1.2172364,1.3975538,0.2679543,2.272536,1.2328212,0.03001396,0.041200433,0.17229012,0.18189941,0.16677955,0.22021896,0.12612922,0.06146836
5.mp4,45,0,23.0,0.5676616,0.14973167,0.17926969,0.66222507,2.3980794,0.12130905,0.88507676,1.5285522,0.34901908,2.5928712,1.2328212,0.029768892,0.040771242,0.16493051,0.16141814,0.19911143,0.21733572,0.126393,0.06027107
5.mp4,46,0,23.0,0.6181813,0.16770408,0.17926969,0.72941595,2.996148,0.12130905,0.880111,1.5874933,0.3696858,2.5928712,1.2258213,0.032368127,0.042368036,0.16546734,0.18757845,0.19904537,0.21303195,0.11449382,0.045646895
5.mp4,47,0,24.0,0.6181813,0.1589739,0.18291137,0.94898576,2.7758791,0.12130905,0.880111,1.7101713,0.42578894,2.6406202,1.2258213,0.033991214,0.04275239,0.17013165,0.19718595,0.2061346,0.20820288,0.10199448,0.039606817
5.mp4,48,0,24.0,0.6181813,0.16375571,0.26467946,0.9775586,3.0362902,0.12130905,0.79885095,1.7066346,0.43117532,2.6406202,1.2258213,0.0320848,0.04069835,0.15793881,0.21009517,0.22063866,0.20358972,0.10173548,0.03321902
5.mp4,49,0,25.0,0.6181813,0.1548068,0.30578062,0.95618504,3.106621,0.12130905,0.79885095,1.7522483,0.42117465,2.6406202,1.2258213,0.028014576,0.03384982,0.15295604,0.24671017,0.20815673,0.20697407,0.09311477,0.030223804
5.mp4,50,0,23.0,0.50022703,0.12278811,0.35656214,0.9257823,2.9112403,0.12130905,0.79885095,1.7080709,0.42672145,2.6406202,1.2258213,0.026409332,0.03198211,0.17893194,0.27316612,0.1697379,0.20556247,0.08756746,0.026642667
5.mp4,51,0,20.0,0.50022703,0.11611285,0.35656214,0.9176571,2.9469287,0.088503905,0.79885095,1.5805384,0.4238609,2.6406202,1.2258213,0.025782712,0.030069454,0.19532225,0.3094361,0.14183605,0.18322785,0.08692715,0.027398411
5.mp4,52,0,18.0,0.53740466,0.11859187,0.37210554,0.68343437,2.428766,0.088503905,0.79885095,1.4426824,0.47549984,2.6406202,1.1673378,0.022806395,0.02878772,0.1965717,0.30517858,0.14741038,0.17991924,0.09143657,0.0278894
5.mp4,53,0,18.0,0.5864416,0.10594649,0.16686083,0.7725341,2.8978333,0.088503905,0.65072024,1.2944388,0.3600661,2.172336,1.1673378,0.023168905,0.03226938,0.19191991,0.2823475,0.16004911,0.19135232,0.08931794,0.02957495
5.mp4,54,0,17.0,0.562401,0.08886591,0.16686083,0.9015357,2.9395924,0.9650235,0.009930324,1.1997352,0.43393984,2.172336,1.1673378,0.030347703,0.032672293,0.19244508,0.27344453,0.15361658,0.197242,0.08431231,0.03591949
5.mp4,55,0,18.0,0.562401,0.08108089,0.1749046,0.88269323,1.8847847,0.9650235,0.009930324,1.0605422,0.37196207,1.6727389,0.9395418,0.038386937,0.03474389,0.2115397,0.25119832,0.15435733,0.18855138,0.08275792,0.038464524
5.mp4,56,0,19.0,0.48515755,0.08656589,0.1838895,0.81197894,2.760658,0.96670806,0.009930324,0.9314476,0.35971922,1.6727389,0.9395418,0.040440492,0.041857887,0.20268755,0.25555432,0.16589719,0.18232453,0.078692965,0.03254505
5.mp4,57,0,20.0,0.4704279,0.07391277,0.20606835,0.44516313,2.6727276,0.96670806,0.009930324,0.9149009,0.3514914,1.6727389,0.9395418,0.041707046,0.04115854,0.18759085,0.22376569,0.18088758,0.21431649,0.07679158,0.033782236
5.mp4,58,0,22.0,0.4704279,0.075335175,0.18405677,0.44516313,2.044666,0.96670806,0.009930324,0.9834677,0.37246105,1.6727389,0.9395418,0.038468953,0.037704345,0.17933008,0.22435702,0.1920278,0.22923222,0.07041913,0.028460424
5.mp4,59,0,22.0,0.4704279,0.10552584,0.13341452,0.46652776,2.4442747,0.96670806,0.009930324,1.0953157,0.49311286,2.0639641,1.0776498,0.036525242,0.03488614,0.17765036,0.22073525,0.21784407,0.21174948,0.07407167,0.026537793
5.mp4,60,0,25.0,0.4924288,0.1386878,0.31401452,0.46652776,2.2690918,0.96670806,0.011879028,1.3105074,0.541923,2.5379772,1.0776498,0.025214942,0.029255958,0.16628486,0.23093174,0.2575468,0.2039385,0.067815945,0.019011216
5.mp4,61,0,25.0,0.5393983,0.15781564,0.31401452,0.6213403,2.2690918,0.96670806,0.011879028,1.3895886,0.50239706,2.5379772,1.0776498,0.019232506,0.026549712,0.15003583,0.23481604,0.2870151,0.2056195,0.060208857,0.01652243
5.mp4,62,0,24.0,0.5393983,0.17209817,0.31401452,0.5811669,2.2690918,0.91971236,0.04023511,1.5107863,0.39259028,2.5379772,1.0776498,0.016348401,0.024284884,0.16058183,0.23179728,0.2847626,0.21339256,0.051988203,0.016844248
5.mp4,63,0,20.0,0.5393983,0.16424395,0.31401452,0.64223886,0.4031182,0.122576356,0.71584356,1.7125146,0.48258355,3.1380224,1.2198573,0.013352879,0.023400985,0.16187128,0.2496143,0.29206684,0.2009365,0.045341723,0.013415502
5.mp4,64,0,20.0,0.5393983,0.15926959,0.14528957,0.7043995,0.10002599,0.122576356,0.71584356,1.8145747,0.47633195,3.1380224,1.2892821,0.01208624,0.023698509,0.1789266,0.2567548,0.29391292,0.1825813,0.040073324,0.01196632
5.mp4,65,0,19.0,0.5393983,0.14970204,0.14528957,0.7043995,0.22115299,0.09661797,0.7413912,1.6990203,0.5144797,3.1380224,1.2892821,0.012436706,0.023849525,0.17862722,0.27446076,0.26739654,0.19210841,0.039325528,0.011795305
5.mp4,66,0,15.0,0.2995859,0.13217889,0.13260469,0.57524234,0.17461416,0.058720242,0.86841995,1.6071314,0.49890152,3.1380224,1.2892821,0.013585373,0.02251044,0.18528807,0.28384447,0.22887546,0.19813885,0.05270875,0.015048596
5.mp4,67,0,15.0,0.2995859,0.14346753,0.15262067,0.57524234,0.12673983,0.058720242,0.86841995,1.6122419,0.49412125,3.1380224,1.2892821,0.016111562,0.026543574,0.18441889,0.2855287,0.20565794,0.19959135,0.06669647,0.015451499
5.mp4,68,0,15.0,0.34595856,0.17935897,0.16771811,0.7331885,1.7561722,0.058720242,0.86841995,1.6395788,0.47438887,3.1380224,1.2892821,0.017200606,0.021550536,0.17343357,0.30150226,0.19769515,0.19866316,0.07504855,0.01490617
6.mp4,0,0,22.0,0.61581254,0.26283237,0.2131376,0.5830754,2.871338,0.2466863,0.54121923,2.6163812,0.7055676,3.6085842,1.8784579,0.008075271,0.0075989896,0.01916494,0.5878201,0.01131091,0.071534365,0.1709665,0.123528905
6.mp4,1,0,22.0,0.49103773,0.2736114,0.13249111,0.6098989,0.09886256,0.2466863,0.54121923,2.8188777,0.45705783,3.6085842,1.5808074,0.00924052,0.007036169,0.019407162,0.567607,0.011589855,0.07401293,0.17279743,0.13830896
6.mp4,2,0,23.0,0.37015456,0.2177861,0.14304183,0.46674228,0.45350528,0.2466863,0.54121923,2.8603852,0.474206,3.6085842,1.5808074,0.010226059,0.0072522135,0.018108645,0.5596199,0.010771799,0.07696977,0.16826886,0.14878273
6.mp4,3,0,22.0,0.40456748,0.23590524,0.10564341,0.49946994,0.45350528,0.2466863,0.54121923,2.9691172,0.39070058,3.6085842,1.362829,0.0096599255,0.0066837007,0.018511774,0.57790256,0.011645972,0.07599615,0.17700568,0.12259427
6.mp4,4,0,20.0,0.43161175,0.22171189,0.11275756,0.6366521,0.45350528,0.2466863,0.54121923,2.958637,0.40283328,3.6085842,1.362829,0.010747868,0.008229371,0.020844696,0.60532427,0.012992241,0.076480046,0.15492749,0.110454045
6.mp4,5,0,20.0,0.43161175,0.21654247,0.11844414,0.6100655,0.45350528,0.017385965,0.95611084,2.9855146,0.41577247,3.6085842,1.5815028,0.008014045,0.00687844,0.023709623,0.61372817,0.015503963,0.065371946,0.15654439,0.11024947
6.mp4,6,0,18.0,0.43161175,0.23190989,0.11844414,0.6100655,0.055709068,0.017385965,0.95611084,2.8074062,0.4622474,3.4585295,1.7693065,0.012865333,0.00997684,0.026846344,0.6103717,0.017208295,0.055363283,0.15082084,0.11654736
6.mp4,7,0,20.0,0.41262954,0.21602896,0.11844414,0.6100655,0.055709068,0.030446898,0.95611084,2.7245526,0.44200277,3.2657158,1.7693065,0.018649897,0.012592406,0.030816576,0.61639535,0.019565212,0.057908036,0.1419162,0.10215631
6.mp4,8,0,16.0,0.44517067,0.22873431,0.12515499,0.5605011,0.060942065,0.051721066,0.95611084,2.6940234,0.43202385,3.3411162,1.7693065,0.01876606,0.013828588,0.036545236,0.6221062,0.020852875,0.0655315,0.13480581,0.087563746
6.mp4,9,0,16.0,0.48072994,0.22084905,0.10172729,0.563195,0.25626907,0.065018326,0.898141,2.6661208,0.43413812,3.4735405,1.7693065,0.01949832,0.015210509,0.04507963,0.6027346,0.021326857,0.077680945,0.13041435,0.088054776
6.mp4,10,0,16.0,0.48072994,0.23245054,0.075140655,0.5777006,0.5304044,0.065018326,0.898141,2.759105,0.41831434,3.4735405,1.7693065,0.017151555,0.013131427,0.043025747,0.5814202,0.026102642,0.10027177,0.124704055,0.094192624
6.mp4,11,0,15.0,0.48072994,0.24493957,0.08274327,0.7395325,0.08650118,0.065018326,0.898141,2.6259334,0.48912793,3.4735405,1.7693065,0.018860614,0.015207146,0.038523357,0.55087465,0.027366204,0.11185001,0.122099094,0.11521895
6.mp4,12,0,15.0,0.48072994,0.22482659,0.16771552,0.76108366,0.28313404,0.065018326,0.898141,2.6387396,0.4631617,3.4735405,1.2793452,0.019928122,0.014974051,0.037948973,0.54301035,0.02865442,0.12460744,0.11836573,0.11251092
6.mp4,13,0,13.0,0.47212335,0.22950716,0.08588508,0.76108366,0.0511866,0.065018326,0.898141,2.6243238,0.45627403,3.4735405,1.2793452,0.015818033,0.014556813,0.03698598,0.54643047,0.02664105,0.11512876,0.12645626,0.11798263
6.mp4,14,0,13.0,0.43906653,0.23559321,0.10655008,0.6736463,0.20503366,0.065018326,0.898141,2.5794795,0.43068576,3.4735405,1.2793452,0.015104913,0.013695082,0.031581394,0.5062383,0.034142047,0.117554605,0.13559397,0.1460897
6.mp4,15,0,12.0,0.44767633,0.2322722,0.10863946,0.64458233,0.20869575,0.0,1.2768924,2.6212916,0.4743359,3.441213,1.2945062,0.014469827,0.013373049,0.02571695,0.48873377,0.04285374,0.11677012,0.13909382,0.15898873
6.mp4,16,0,11.0,0.44767633,0.27543658,0.11072678,0.4965455,0.104868844,0.0,1.2768924,2.4921353,0.4763178,3.441213,1.2945062,0.021864628,0.017502993,0.03270335,0.45242757,0.039450813,0.1082981,0.14568397,0.18206857
6.mp4,17,0,13.0,0.44767633,0.3040222,0.112900086,0.53845453,0.05166402,0.0,1.2768924,2.6166182,0.41565013,3.441213,1.2945062,0.02025659,0.015078257,0.031323094,0.4648077,0.037173446,0.1162972,0.1479054,0.16715832
6.mp4,18,0,12.0,0.44767633,0.30446482,0.112900086,0.53845453,0.08905832,0.0,1.2768924,2.6346385,0.42590898,3.441213,1.4440225,0.017873913,0.016134813,0.032728847,0.46513653,0.042671636,0.10416228,0.14436008,0.1769319
6.mp4,19,0,13.0,0.44473726,0.29055408,0.112900086,0.53845453,0.20800564,0.0,1.2768924,2.5308201,0.5470561,3.441213,1.4440225,0.015708778,0.015446564,0.03466058,0.42526424,0.04981479,0.11650778,0.1429523,0.19964495
6.mp4,20,0,14.0,0.5085006,0.3048391,0.112900086,0.53845453,0.20800564,0.0,1.2768924,2.4934149,0.5430649,3.441213,1.4440225,0.016927242,0.016183754,0.036345925,0.45773652,0.04223313,0.11837841,0.13339686,0.17879815
6.mp4,21,0,14.0,0.5156451,0.2671862,0.16697064,0.7975148,1.8778583,0.0,1.476733,2.4689567,0.49468243,3.2365859,1.4440225,0.018209161,0.015610082,0.035691332,0.4758033,0.032502543,0.11685252,0.12632217,0.17900892
6.mp4,22,0,15.0,0.5156451,0.26566333,0.16756444,0.44850403,0.21591045,0.0,1.3599366,2.5675454,0.48564887,3.2365859,1.4440225,0.010325497,0.011065476,0.03035777,0.5257049,0.032431576,0.11621081,0.124288395,0.14961556
6.mp4,23,0,14.0,0.5156451,0.30011338,0.16756444,0.41992357,0.21591045,0.0,1.3599366,2.5531952,0.46288165,3.2365859,1.4440225,0.010897517,0.0132861,0.02988209,0.53698117,0.03296243,0.10555671,0.120393835,0.15004016
6.mp4,24,0,15.0,0.5156451,0.30974784,0.16756444,0.4936662,0.21591045,0.0,1.3599366,2.6252024,0.4549029,3.1551983,1.2486197,0.007822303,0.009789858,0.029324653,0.5637389,0.025269752,0.114007376,0.12480347,0.1252437
6.mp4,25,0,15.0,0.51552373,0.30857274,0.16756444,0.5402662,0.21591045,0.0,1.3258964,2.7502613,0.27300403,3.1551983,1.1750301,0.007897247,0.010514807,0.033784647,0.6139114,0.018593293,0.10677327,0.11002665,0.098498695
6.mp4,26,0,14.0,0.5246463,0.29538372,0.09121887,0.5817998,0.27702287,0.0,1.1003082,2.7190409,0.3481545,3.1551983,1.314031,0.009918286,0.01472913,0.040746838,0.60274357,0.019946316,0.09891296,0.11637081,0.096632116
6.mp4,27,0,13.0,0.5246463,0.2882494,0.08813487,0.6422701,0.15666348,0.022573533,1.0017434,2.744075,0.37383378,3.3373742,1.314031,0.008556159,0.014595801,0.03878346,0.60872084,0.019236084,0.10255463,0.118890174,0.08866287
6.mp4,28,0,11.0,0.5246463,0.28907314,0.13558999,0.6422701,0.15666348,0.022573533,1.0017434,2.7468708,0.40093586,3.3373742,1.5947335,0.008625514,0.018983273,0.038728494,0.62184656,0.01824811,0.09704447,0.11254241,0.083981186
6.mp4,29,0,10.0,0.4918399,0.28719923,0.13558999,0.6422701,0.17728397,0.022573533,1.0017434,2.736968,0.41550124,3.3373742,1.5947335,0.025134457,0.026615947,0.039679997,0.6037956,0.01766116,0.108340345,0.1124107,0.06636179
6.mp4,30,0,8.0,0.48062566,0.28434226,0.13558999,0.6422701,0.10358895,0.022573533,1.0017434,2.6794405,0.44009238,3.3373742,1.5947335,0.025934562,0.02687941,0.03695271,0.59203583,0.027101906,0.110669166,0.11995916,0.060467243
6.mp4,31,0,9.0,0.48062566,0.26959682,0.13558999,0.5363654,0.06995483,0.022573533,1.0017434,2.7060401,0.44857857,3.3373742,1.5947335,0.02491751,0.024017885,0.03575186,0.5643844,0.03498673,0.11798831,0.13404107,0.0639122
6.mp4,32,0,8.0,0.48062566,0.33632785,0.13558999,0.5363654,0.06995483,0.022573533,1.0017434,2.811749,0.40069178,3.4559681,1.6864237,0.028502692,0.020441921,0.030405436,0.5716222,0.040268335,0.11754401,0.120476544,0.070738874
6.mp4,33,0,5.0,0.4851019,0.33827645,0.099000864,0.5363654,0.07008466,0.0,4.98298,2.7676044,0.4007145,3.4559681,1.6864237,0.029555812,0.02112067,0.033260357,0.5743742,0.046500668,0.11465591,0.11703613,0.06349623
6.mp4,34,0,4.0,0.4851019,0.33166006,0.099000864,0.46278176,0.07008466,0.0,4.98298,2.6629531,0.43622175,3.4559681,1.6864237,0.04154001,0.037492834,0.035990342,0.5256205,0.046192236,0.12161794,0.12036152,0.07118457
6.mp4,35,0,4.0,0.4851019,0.36249202,0.099000864,0.40822518,0.07008466,0.0,4.98298,2.7446766,0.46337572,3.4601226,1.6864237,0.024607752,0.028026687,0.033908974,0.5351707,0.047229946,0.11633822,0.12081288,0.09390485
6.mp4,36,0,3.0,0.4851019,0.36249202,0.099000864,0.40822518,0.07008466,0.0,4.98298,2.7972012,0.44279787,3.4601226,1.6864237,0.02481187,0.03299677,0.03980354,0.5404325,0.038176622,0.1124501,0.11464169,0.09668691
6.mp4,37,0,3.0,0.455559,0.35025054,0.105620794,0.36759198,0.07857543,0.0,4.98298,2.7044356,0.50535905,3.4601226,1.6864237,0.0263703,0.035199855,0.03573814,0.5474099,0.0338781,0.10923792,0.111019045,0.10114674
6.mp4,38,0,4.0,0.0,0.0,0.0,0.0,0.0,0.0,2.5311632,2.628851,0.48714653,3.4601226,1.5859256,0.02140894,0.03551422,0.035664547,0.5564594,0.03630557,0.11492982,0.11225511,0.08746238
6.mp4,39,0,3.0,0.3849851,0.30324626,0.1250248,0.39873877,0.06660916,0.0,2.359123,2.5505738,0.47843304,3.4601226,1.4159588,0.031217279,0.06144099,0.03878587,0.5131613,0.032633048,0.111125186,0.11932426,0.09231207
6.mp4,40,0,5.0,0.39827123,0.23320852,0.13031548,0.48387098,2.2789614,0.0,2.290294,2.566916,0.5068845,3.4601226,1.4159588,0.020675607,0.043652292,0.04064953,0.5425231,0.03284575,0.10840916,0.118516855,0.09272774
6.mp4,41,0,6.0,0.39827123,0.23259702,0.13031548,0.48387098,3.0506978,0.0,2.290294,2.5003295,0.45278326,3.293101,1.4159588,0.026737662,0.049779784,0.045255385,0.5339501,0.036075123,0.105798826,0.11531063,0.08709247
6.mp4,42,0,6.0,0.39827123,0.23688409,0.13031548,0.5783872,1.3182594,0.0,2.290294,2.4734259,0.43740335,3.4281337,1.4159588,0.030798024,0.046929076,0.04194015,0.5267449,0.04066527,0.10315781,0.11455317,0.095211625
6.mp4,43,0,9.0,0.4447742,0.25785714,0.13031548,0.6794597,0.11027808,0.009341724,1.3921012,2.6661403,0.5100887,3.5457866,1.3826857,0.02941185,0.044044092,0.03656616,0.5397287,0.037580363,0.102214776,0.121929586,0.0885245
6.mp4,44,0,11.0,0.45471275,0.25521123,0.12496562,0.6765672,0.088615246,0.011121647,1.3618325,2.638991,0.5757994,3.5457866,1.9802479,0.031309914,0.047672454,0.03988021,0.5316549,0.028617566,0.094631456,0.12900366,0.097229846
6.mp4,45,0,13.0,0.53883135,0.27815467,0.10392039,0.6765672,0.08873666,0.011121647,1.3618325,2.7457428,0.5710446,3.5457866,1.9802479,0.019985273,0.020129012,0.038415845,0.57003355,0.026107287,0.10377793,0.12333493,0.0982162
6.mp4,46,0,11.0,0.5687292,0.26746574,0.10392039,0.6765672,0.1848039,0.011121647,1.3618325,2.811626,0.5414996,3.5457866,1.9802479,0.025460169,0.022334768,0.034446802,0.5708591,0.025050089,0.09987229,0.11870965,0.10326717
6.mp4,47,0,13.0,0.5687292,0.25814915,0.10392039,0.66336507,0.1848039,0.011121647,1.1411638,2.8243945,0.5719997,3.5512695,1.9802479,0.020613767,0.017346734,0.032832056,0.5835931,0.025265832,0.10412158,0.11446081,0.10176614
6.mp4,48,0,14.0,0.5687292,0.2609808,0.13651064,0.71218836,0.1848039,0.011121647,1.057133,2.8475373,0.5625521,3.5512695,1.9802479,0.030338727,0.017756296,0.031297278,0.58522445,0.030321404,0.09491102,0.11075599,0.09939484
6.mp4,49,0,14.0,0.5687292,0.26814836,0.1602668,0.71218836,0.1848039,0.011121647,1.057133,2.6999032,0.5283806,3.5512695,1.9802479,0.041225124,0.021197023,0.038586196,0.56753767,0.033269968,0.09662489,0.09163041,0.10992874
6.mp4,50,0,14.0,0.5477432,0.23007539,0.18131654,0.73845243,0.49620494,0.0,1.057133,2.7660582,0.44474792,3.5512695,1.5686771,0.039655086,0.017451486,0.03490297,0.56886506,0.032560255,0.09835343,0.0893189,0.118892774
6.mp4,51,0,14.0,0.5477432,0.21929154,0.18131654,0.73845243,0.08013953,0.0,1.057133,2.801556,0.46676835,3.6927135,1.5686771,0.039345328,0.01661891,0.028538398,0.56362617,0.032612003,0.08994087,0.094159335,0.13515902
6.mp4,52,0,12.0,0.5477432,0.217847,0.18131654,0.73845243,0.48396054,0.0,1.057133,2.9415731,0.47694638,3.7897997,1.5686771,0.031143986,0.017048167,0.02795442,0.56594765,0.031718448,0.09511248,0.10378375,0.12729107
6.mp4,53,0,11.0,0.4015943,0.21962479,0.15957288,0.62776536,0.7404105,0.0,1.057133,3.0418828,0.46279594,3.7897997,1.5686771,0.029275985,0.0155163845,0.023856899,0.56762636,0.03131902,0.10113012,0.114409834,0.116865404
6.mp4,54,0,8.0,0.41070396,0.24296384,0.09443335,0.42451537,0.14919436,0.0,1.0910535,3.1362853,0.47637802,3.7897997,1.5686771,0.014457153,0.012361399,0.02337299,0.5723568,0.028403347,0.11705621,0.12733826,0.104653835
6.mp4,55,0,8.0,0.31828004,0.16811158,0.13879736,0.80043036,1.225317,0.0,1.2462591,3.2838845,0.3730781,3.7897997,1.5686771,0.0051270137,0.010932289,0.018419866,0.5783832,0.030884918,0.1102575,0.14097953,0.10501566
6.mp4,56,0,7.0,0.41001484,0.22769625,0.066660166,0.42451537,2.613962,0.0,1.2462591,3.2483063,0.41811565,3.7897997,1.2732908,0.019531209,0.016187666,0.019785522,0.5571722,0.033063315,0.114282735,0.14139245,0.09858495
6.mp4,57,0,9.0,0.4392749,0.30979356,0.07994002,0.4740173,0.055134784,0.0,1.1575599,3.204271,0.4219807,3.7897997,1.2732908,0.021059796,0.018704815,0.023495797,0.56944627,0.038246837,0.11887252,0.13125238,0.07892157
6.mp4,58,0,8.0,0.54454744,0.2710719,0.14520596,0.54880315,0.8993832,0.0,1.0788853,3.068741,0.44221896,3.7750425,1.2732908,0.031298682,0.022487685,0.022778912,0.55794185,0.0439808,0.1222797,0.12807128,0.07116109
6.mp4,59,0,8.0,0.55789304,0.2889192,0.14876464,0.54880315,0.09002632,0.0,1.0788853,2.933411,0.46138886,3.7750425,1.3695532,0.037455667,0.027489774,0.02672491,0.5456227,0.043574575,0.11605251,0.12554532,0.077534534
6.mp4,60,0,8.0,0.55789304,0.2889192,0.14876464,0.54880315,0.09002632,0.0,1.0788853,2.8984106,0.4358636,3.7750425,1.3695532,0.038606502,0.028247448,0.02493489,0.537237,0.03987651,0.107058205,0.124519356,0.09952009
6.mp4,61,0,8.0,0.55789304,0.28781998,0.14876464,0.54880315,0.09599801,0.0,1.0788853,2.8629684,0.40128174,3.595349,1.3695532,0.038384233,0.027053948,0.025586525,0.54360765,0.03267462,0.11471988,0.12637627,0.09159685
6.mp4,62,0,8.0,0.55789304,0.26394638,0.14876464,0.53545463,0.074413896,0.0,1.0788853,3.0084796,0.3853409,3.595349,1.3695532,0.019968256,0.019258944,0.02119792,0.56729436,0.030122444,0.12173397,0.13423993,0.086184144
6.mp4,63,0,8.0,0.32183063,0.19223727,0.23847769,0.19214539,0.069130614,0.0,1.0788853,3.0853448,0.41645434,3.6144783,1.3695532,0.018408768,0.01639227,0.017974006,0.5660582,0.027023936,0.12229131,0.1472158,0.08463571
6.mp4,64,0,7.0,0.32183063,0.18901026,0.23847769,-1.4326096,0.069130614,0.0,1.2844352,3.2164063,0.38692605,3.762192,1.3695532,0.0081197,0.0070235115,0.016767716,0.5795527,0.022796748,0.1256491,0.14820853,0.091882
6.mp4,65,0,5.0,0.41240242,0.32402074,0.16365884,-0.07248486,0.091868155,0.0,3.5126803,3.3301775,0.2316944,3.762192,1.1063162,0.0034983614,0.0026514481,0.014070941,0.58703834,0.021239262,0.12979917,0.146981,0.09472146
6.mp4,66,0,5.0,0.41240242,0.32402074,0.16365884,-0.07248486,0.091868155,0.0,3.5126803,3.3133056,0.2653729,3.762192,1.2548368,0.0067913407,0.0040576323,0.017360572,0.5908245,0.02932574,0.12804115,0.14499457,0.078604504
6.mp4,67,0,4.0,0.41240242,0.32402074,0.16365884,-0.07248486,0.091868155,0.0,3.5126803,3.2815993,0.30106142,3.762192,1.3286322,0.0073235924,0.0061319573,0.02076259,0.58314556,0.03735722,0.12759602,0.14021853,0.07746457
6.mp4,68,0,4.0,0.41240242,0.32402074,0.16365884,-0.07248486,0.091868155,0.0,1.3019222,3.1373572,0.41480303,3.762192,1.3286322,0.0076174885,0.007690116,0.024338532,0.58174205,0.04758486,0.11621209,0.13734664,0.07746821
6.mp4,69,0,3.0,0.41241604,0.31238294,0.16365884,0.47305584,0.11106026,0.0,1.0873653,3.0715652,0.40485772,3.762192,1.3725184,0.012238079,0.008465438,0.026440116,0.57723993,0.04596181,0.11650617,0.13262904,0.08051943
6.mp4,70,0,3.0,0.4314343,0.28912634,0.14375211,0.49565965,0.12523004,0.0,1.0873653,3.0463853,0.37764025,3.741761,1.3725184,0.012917928,0.009530981,0.025380637,0.5906803,0.044391066,0.11032633,0.13348526,0.07328749
6.mp4,71,0,2.0,0.4314343,0.28912634,0.14375211,0.49565965,0.12523004,0.0,1.0873653,3.0425305,0.38743302,3.741761,1.6648386,0.012904905,0.009931029,0.025146406,0.58731186,0.041090954,0.1075485,0.136458,0.079608366
6.mp4,72,0,2.0,0.4314343,0.28912634,0.14375211,0.49565965,0.12523004,0.0,1.0873653,3.00576,0.39617965,3.649615,1.6648386,0.0146483565,0.010399934,0.026263757,0.5772662,0.030606335,0.11140911,0.13099922,0.09840705
6.mp4,73,0,2.0,0.4314343,0.28912634,0.14375211,0.49565965,0.12523004,0.0,1.0873653,3.0863407,0.4211611,3.6558785,1.6648386,0.015102178,0.0083447555,0.02164289,0.57913446,0.023573581,0.10897434,0.13731556,0.10591225
6.mp4,74,0,3.0,0.38863507,0.2556011,0.15959427,0.20226815,0.0658731,0.0,1.0873653,3.093384,0.43497807,3.6558785,1.6648386,0.018446948,0.010280464,0.022081858,0.57217324,0.014122514,0.10780158,0.13876215,0.116331264
6.mp4,75,0,3.0,0.0,0.0,0.0,0.0,0.0,0.0,10.0,3.0527658,0.4523216,3.6558785,1.6648386,0.016097363,0.010110224,0.02121783,0.55300766,0.020754658,0.10382728,0.13970464,0.13528036
6.mp4,76,0,2.0,0.0,0.0,0.0,0.0,0.0,0.0,10.0,3.008971,0.4400568,3.6558785,1.6648386,0.016848903,0.009941257,0.021007882,0.53033465,0.025348188,0.10581077,0.13373494,0.15697342
6.mp4,77,0,2.0,0.0,0.0,0.0,0.0,0.0,0.0,10.0,2.9661162,0.42494828,3.6558785,1.5890069,0.018909883,0.010410928,0.023103984,0.53495616,0.026170136,0.111652255,0.12256741,0.15222922
6.mp4,78,0,5.0,0.0,0.0,0.0,0.0,0.0,0.0,2.7405777,2.923708,0.42150423,3.6558785,1.5890069,0.022475233,0.01777194,0.021126365,0.5384531,0.026791023,0.10233952,0.12369365,0.14734915
6.mp4,79,0,6.0,0.52620804,0.37357885,0.11311647,0.4008004,0.0672141,0.0,1.6706023,2.6621606,0.4984124,3.4216783,1.5890069,0.022879532,0.019559104,0.026015148,0.5217876,0.029575828,0.11639977,0.12295746,0.14082555
6.mp4,80,0,5.0,0.57989794,0.33564198,0.12574577,0.5668023,0.06542969,0.0,1.6706023,2.783906,0.5266203,3.601781,1.5084563,0.018502865,0.015550377,0.021878,0.53752196,0.028727895,0.13099027,0.121444486,0.12538415
6.mp4,81,0,6.0,0.57989794,0.33564198,0.12574577,0.5668023,0.06542969,0.0,1.6706023,2.8137908,0.5907004,3.601781,1.7213901,0.016472595,0.016475558,0.021046177,0.5557672,0.023738785,0.124659725,0.119644776,0.1221952
6.mp4,82,0,7.0,0.57989794,0.32240385,0.12574577,0.5668023,0.06591799,0.0,1.6570895,2.7222216,0.61742294,3.601781,1.7213901,0.017596107,0.016758615,0.02280261,0.553412,0.020506829,0.1237994,0.12738363,0.117740765
6.mp4,83,0,7.0,0.57989794,0.31156683,0.12574577,0.5668023,0.07020216,0.0,1.6570895,2.6665819,0.6087136,3.601781,1.7213901,0.031606477,0.019987345,0.02181889,0.5298417,0.020057008,0.11685311,0.13205115,0.12778433
6.mp4,84,0,7.0,0.5788093,0.29613245,0.13515735,0.5695589,0.07020216,0.0,1.6570895,2.6599376,0.61581385,3.601781,1.7213901,0.02577558,0.01287912,0.025821812,0.53563505,0.023885755,0.122642055,0.1307446,0.122616045
6.mp4,85,0,8.0,0.40036184,0.27727014,0.1224628,0.4477142,0.07020216,0.0,1.6570895,2.7203438,0.56329626,3.601781,1.7213901,0.032321006,0.0156177245,0.027955927,0.54406357,0.025084917,0.10998112,0.12232218,0.12265356
6.mp4,86,0,8.0,0.42797008,0.29425916,0.1224628,0.4477142,0.07547735,0.0,1.6570895,2.56637,0.51015645,3.4908886,1.7213901,0.045736868,0.018810453,0.028523475,0.5302498,0.029150683,0.104526065,0.12163783,0.12136488
6.mp4,87,0,8.0,0.5323848,0.32071352,0.11223628,0.4477142,0.07547735,0.0,1.4506401,2.5729282,0.4575824,3.5946317,1.7049465,0.050397325,0.02359647,0.031900343,0.51448566,0.02811893,0.11161166,0.118743904,0.12114573
6.mp4,88,0,7.0,0.6073381,0.3256711,0.12803778,0.587613,0.08569858,0.0,1.3790634,2.6935549,0.47934094,3.5946317,1.7049465,0.048375133,0.022724597,0.03394266,0.52824384,0.025635818,0.1034028,0.113046035,0.1246291
6.mp4,89,0,6.0,0.6607635,0.32732522,0.13930082,0.6975573,0.07547735,0.0,1.325467,2.717918,0.5021437,3.5946317,1.7049465,0.036296066,0.019902285,0.03290333,0.5461359,0.028869443,0.1039579,0.115077056,0.11685802
6.mp4,90,0,5.0,0.68761086,0.32082108,0.14496073,0.73636657,0.0888148,0.0,1.325467,2.7174108,0.49690703,3.5946317,1.6183462,0.042166177,0.019595824,0.029519929,0.5455974,0.024072638,0.10491368,0.122198984,0.11193536
6.mp4,91,0,5.0,0.68761086,0.31569284,0.14496073,0.73636657,0.0888148,0.0,1.325467,2.8837643,0.45737383,3.5946317,1.6183462,0.034866974,0.016302403,0.027462438,0.55679816,0.021707952,0.10170299,0.12578844,0.115370624
6.mp4,92,0,4.0,0.71163946,0.30124718,0.15002638,0.70787174,0.094986714,0.0,1.325467,3.0409594,0.41504318,3.611609,1.6183462,0.02182295,0.013469525,0.028229224,0.5712404,0.017994048,0.10145992,0.11465595,0.13112795
6.mp4,93,0,4.0,0.39390948,0.2428606,0.073697805,0.5702384,0.11682662,0.0,1.325467,3.075986,0.38888407,3.611609,1.4602463,0.017176818,0.007235869,0.02472134,0.5844165,0.024398128,0.10494194,0.11286209,0.1242473
6.mp4,94,0,5.0,0.23498692,0.18994278,0.06158552,0.3434305,0.09602691,0.0,1.325467,3.0085816,0.42869487,3.611609,1.688241,0.021089414,0.0077928887,0.021979187,0.58089286,0.030873982,0.1071618,0.109542385,0.12066751
6.mp4,95,0,12.0,0.35568786,0.23636673,0.08998712,0.44811854,0.045414068,0.0,1.1184629,2.9882772,0.50269264,3.611609,1.9271556,0.01658151,0.010790058,0.025541492,0.57011694,0.031307366,0.10846609,0.11436269,0.12283389
6.mp4,96,0,12.0,0.47558522,0.27479404,0.11285217,0.538047,0.036974553,0.0,1.1172415,2.9446537,0.53483534,3.611609,1.9271556,0.010968808,0.011109362,0.025833765,0.54083645,0.03450874,0.11531866,0.122202985,0.13922122
6.mp4,97,0,11.0,0.47558522,0.2690737,0.11285217,0.538047,0.2887177,0.0,1.1172415,2.8779871,0.52067065,3.611609,1.9271556,0.010284478,0.010892287,0.021909544,0.5331398,0.039839923,0.12325752,0.11703457,0.14364186
6.mp4,98,0,12.0,0.47558522,0.2690737,0.11285217,0.538047,0.2887177,0.0,1.1172415,2.8169453,0.4970236,3.4234126,1.9271556,0.014297514,0.011379538,0.02124048,0.51818484,0.041302983,0.122359134,0.12597254,0.14526297
6.mp4,99,0,11.0,0.47942552,0.28255105,0.11285217,0.538047,0.2887177,0.0,1.1172415,2.8087344,0.54023373,3.6601627,1.9271556,0.014715058,0.012106558,0.022003258,0.5160352,0.03699563,0.11518707,0.13491692,0.14804031
6.mp4,100,0,11.0,0.47942552,0.28438738,0.11285217,0.40865898,0.2887177,0.0,1.1172415,2.8184423,0.51905584,3.6601627,1.9271556,0.011295937,0.012162641,0.022724329,0.51127434,0.033715047,0.1261039,0.13707733,0.14564647
6.mp4,101,0,12.0,0.47942552,0.28058705,0.10274871,0.30444506,0.25960827,0.0,1.1172415,2.918733,0.46247807,3.6601627,1.5505698,0.011272634,0.009781498,0.019081792,0.5225007,0.03729029,0.12523763,0.12755454,0.1472809
7.mp4,0,0,62.0,0.44887355,0.23858985,0.14825231,0.23195969,0.58370435,0.034939345,0.8979936,0.5561617,0.136334,0.7335218,0.3392972,0.01578146,0.0706309,0.10635305,0.24375013,0.03749925,0.040348206,0.23610282,0.24953419
7.mp4,1,0,56.0,0.46523896,0.24853493,0.12723802,0.29010963,0.44062904,0.034939345,0.8979936,0.58084863,0.077845745,0.7335218,0.29029074,0.017009046,0.07487714,0.10638053,0.24089362,0.03955601,0.039311692,0.23960647,0.2423655
7.mp4,2,0,55.0,0.4735408,0.2453376,0.16611418,0.26478148,0.30779663,0.034939345,0.8979936,0.5731378,0.07190915,0.69808584,0.27283043,0.018341098,0.07626046,0.10635631,0.23611782,0.040364455,0.039223276,0.24229503,0.24104154
7.mp4,3,0,54.0,0.482799,0.2446599,0.16786212,0.29095733,0.3037463,0.034939345,0.8979936,0.5687588,0.06764678,0.69808584,0.27283043,0.020459117,0.07988492,0.102015935,0.2322147,0.042443264,0.038674954,0.24347538,0.24083172
7.mp4,4,0,49.0,0.49231625,0.24748667,0.16956984,0.49997935,0.2750216,0.034939345,0.8979936,0.5694898,0.06511511,0.69808584,0.27283043,0.021500567,0.08456148,0.101774074,0.21621983,0.043391686,0.041475356,0.23654267,0.25453433
7.mp4,5,0,41.0,0.4997636,0.2497847,0.16956984,0.2962977,0.21967039,0.016719775,0.9038398,0.5802289,0.06399761,0.69808584,0.27283043,0.024028687,0.086453766,0.09845482,0.20844226,0.044019524,0.041225348,0.22493526,0.27244034
7.mp4,6,0,44.0,0.4430837,0.24863411,0.16956984,0.37154526,0.20174396,0.016719775,0.9038398,0.59257734,0.06530381,0.69808584,0.27283043,0.024782643,0.08549588,0.09637097,0.1951646,0.04220429,0.043432154,0.22109449,0.29145497
7.mp4,7,0,45.0,0.42855316,0.25006613,0.17291112,0.39667183,0.25971106,0.014086495,0.981319,0.60088885,0.06938206,0.71780103,0.27283043,0.025613768,0.085051775,0.098126486,0.18866915,0.040146507,0.044479236,0.21719277,0.30072033
7.mp4,8,0,45.0,0.4204124,0.2585257,0.14205056,0.23268291,0.17571206,0.02160584,1.0272226,0.60990787,0.07235478,0.75011134,0.26265353,0.024836995,0.08265816,0.09865334,0.18010868,0.037889685,0.046315536,0.21818073,0.31135687
7.mp4,9,0,49.0,0.40292007,0.26022905,0.14529698,0.2700471,0.32459515,0.02160584,1.0371912,0.61786264,0.07077594,0.75011134,0.26265353,0.025786892,0.07653607,0.09519466,0.17565832,0.035138585,0.047475167,0.22865328,0.31555703
7.mp4,10,0,46.0,0.46907184,0.26511234,0.14462161,0.23268291,0.43830064,0.02160584,0.91899496,0.62782776,0.06818955,0.75011134,0.26265353,0.025960622,0.070400074,0.09350317,0.17886278,0.032849457,0.04559299,0.24161713,0.3112138
7.mp4,11,0,48.0,0.47543406,0.26491785,0.14791803,0.2578649,0.5033249,0.02160584,0.91899496,0.63697654,0.06495594,0.75011134,0.26265353,0.028511789,0.065014295,0.08967427,0.17936449,0.029899398,0.04688167,0.25697294,0.30368116
7.mp4,12,0,47.0,0.47437036,0.26435682,0.1915811,0.346145,0.4581768,0.02160584,0.8615477,0.64144593,0.060825445,0.75011134,0.26120883,0.032913648,0.06692887,0.08727949,0.17902417,0.028905967,0.045034874,0.26655108,0.2933619
7.mp4,13,0,51.0,0.4794255,0.25894183,0.19361743,0.29890275,0.4581768,0.02160584,0.8615477,0.6339725,0.058255278,0.75011134,0.26120883,0.038121182,0.06601165,0.08738497,0.1728084,0.029873362,0.044545207,0.27527654,0.2859787
7.mp4,14,0,52.0,0.4846807,0.25405186,0.1947153,0.2832015,0.4581768,0.016055647,0.8615477,0.61860704,0.057491563,0.69539577,0.25552547,0.044930793,0.06608593,0.085783705,0.1681052,0.030292876,0.043471485,0.2848189,0.27651113
7.mp4,15,0,50.0,0.42901787,0.25427744,0.19740738,0.27772948,0.4581768,0.016055647,0.8615477,0.6065552,0.060149834,0.69539577,0.25552547,0.046100337,0.06854901,0.084721036,0.16511053,0.032041356,0.043401416,0.28855187,0.27152446
7.mp4,16,0,49.0,0.44107866,0.25445813,0.20005251,0.5166225,0.8815994,0.016055647,0.8615477,0.5955925,0.06263283,0.69539577,0.25552547,0.049541164,0.069653705,0.08182843,0.16227663,0.031926006,0.042532012,0.28987068,0.27237138
7.mp4,17,0,47.0,0.4626347,0.26265255,0.20179993,0.32630172,0.15215805,0.016055647,0.8615477,0.58391684,0.06003904,0.68628377,0.25552547,0.05004265,0.07103295,0.08240592,0.16026899,0.03210538,0.040669326,0.29143012,0.2720447
7.mp4,18,0,50.0,0.46650594,0.26699716,0.164863,0.27829647,0.104589604,0.0,1.3755028,0.5782607,0.05656879,0.66285115,0.2512566,0.048747376,0.07080477,0.08752099,0.15826026,0.032412242,0.043666214,0.28692675,0.27166143
7.mp4,19,0,50.0,0.46499076,0.2717339,0.16367745,0.35269386,0.11151977,0.0,1.412289,0.5841745,0.06263819,0.69311434,0.25450096,0.046207834,0.06936495,0.08898338,0.1636662,0.034234226,0.04518918,0.2786006,0.2737536
7.mp4,20,0,50.0,0.46624354,0.26955405,0.16959806,0.29087278,0.34363216,0.0,1.412289,0.58738995,0.06179126,0.69311434,0.25450096,0.043461494,0.068848126,0.091043815,0.1710309,0.03721272,0.04673466,0.26688853,0.27477977
7.mp4,21,0,50.0,0.4718822,0.26474062,0.16693896,0.29087278,0.70009816,0.00747788,1.1030134,0.5920095,0.061290633,0.69311434,0.26301718,0.04446773,0.070220925,0.09418831,0.17807811,0.038538042,0.04704285,0.25311777,0.27434626
7.mp4,22,0,56.0,0.42873776,0.25587568,0.17140092,0.3843064,0.70009816,0.04102404,1.0457484,0.5944044,0.059909437,0.69311434,0.26301718,0.044721335,0.07141187,0.09903381,0.1802569,0.037558924,0.04851181,0.24600369,0.27250165
7.mp4,23,0,56.0,0.41249228,0.24080484,0.16538705,0.35672867,2.163546,0.06484041,0.9613424,0.59534377,0.059242252,0.69311434,0.26301718,0.0466274,0.07428765,0.099576525,0.18456776,0.037983324,0.04876341,0.23554368,0.27265024
7.mp4,24,0,54.0,0.40487272,0.23410986,0.16865961,0.4386973,2.163546,0.06484041,0.9613424,0.59110117,0.05763841,0.69311434,0.26301718,0.04878993,0.07642767,0.09429091,0.19584148,0.038310103,0.04757573,0.22907276,0.2696914
7.mp4,25,0,51.0,0.4066305,0.22691284,0.17189829,0.59192574,2.163546,0.06484041,0.9613424,0.58845806,0.056813885,0.68684876,0.26301718,0.050665967,0.07709598,0.08790726,0.20666642,0.03726117,0.046198364,0.22736487,0.26683995
7.mp4,26,0,52.0,0.41628113,0.22864804,0.17418453,0.6436537,1.3062214,0.06484041,0.9613424,0.5920382,0.058981013,0.68684876,0.26729766,0.053194944,0.08343641,0.08422715,0.20692389,0.033316802,0.044321485,0.22631404,0.26826528
7.mp4,27,0,51.0,0.42278895,0.23207185,0.174292,0.6436537,1.3062214,0.07801647,0.95803297,0.6028041,0.06137376,0.70173925,0.26729766,0.054463718,0.0850115,0.08112421,0.20281252,0.0313149,0.04222553,0.22781952,0.2752281
7.mp4,28,0,54.0,0.4297305,0.2377161,0.18696487,0.6436537,1.3062214,0.07801647,0.95803297,0.6116971,0.061201572,0.70173925,0.26729766,0.05694025,0.087185636,0.07489371,0.20069987,0.035166487,0.040247098,0.23022254,0.2746444
7.mp4,29,0,51.0,0.4350159,0.24242984,0.18934205,0.7512079,1.3062214,0.07801647,0.95803297,0.6151892,0.06009905,0.70173925,0.26729766,0.05916886,0.08638923,0.071558446,0.19318494,0.037672617,0.040949687,0.23342375,0.27765247
7.mp4,30,0,48.0,0.4382575,0.24623528,0.19089468,0.80245805,1.2235473,0.07801647,0.95803297,0.6183637,0.058923833,0.70173925,0.26729766,0.061825007,0.08901029,0.07517966,0.17703171,0.038634073,0.04093432,0.23283799,0.28454694
7.mp4,31,0,49.0,0.4382575,0.24775001,0.19255833,0.37820143,0.25579453,0.07801647,0.95803297,0.6114093,0.059317,0.70173925,0.26729766,0.062878184,0.09223968,0.078290276,0.15392269,0.039457884,0.041101478,0.23887011,0.29323968
7.mp4,32,0,44.0,0.44095346,0.23674552,0.18668605,0.4104663,0.9162293,0.56164294,0.21031143,0.5968794,0.065412246,0.70173925,0.2578354,0.06417746,0.09032312,0.08296404,0.14103983,0.040787388,0.043907978,0.24280573,0.29399446
7.mp4,33,0,47.0,0.43314686,0.22499228,0.18895252,0.4216746,0.26973376,0.56164294,0.21031143,0.578906,0.06374665,0.694997,0.2578354,0.06514952,0.08882237,0.08718011,0.13502908,0.041944005,0.044447135,0.24725564,0.29017213
7.mp4,34,0,47.0,0.4053983,0.21740891,0.20281278,0.47118556,0.2641009,0.56164294,0.21031143,0.56388426,0.059643723,0.6682585,0.25663397,0.06393193,0.087424025,0.096272476,0.13446294,0.038937733,0.045683995,0.24571306,0.28757384
7.mp4,35,0,49.0,0.41710111,0.21094465,0.19720659,0.47867727,0.80451727,0.56164294,0.21031143,0.5474305,0.058566038,0.64640397,0.24159048,0.06359082,0.08863038,0.10522279,0.13649693,0.037088707,0.04450457,0.24314478,0.28132102
7.mp4,36,0,51.0,0.42145625,0.20594943,0.19676888,0.43392718,0.7680718,0.56164294,0.21031143,0.5362025,0.05510865,0.64640397,0.24159048,0.063160315,0.088004455,0.10652453,0.14709009,0.036244273,0.043526754,0.23912811,0.27632147
7.mp4,37,0,52.0,0.4291766,0.20825897,0.18053512,0.49069405,0.68035144,0.56164294,0.21031143,0.52940834,0.051351085,0.6108328,0.2300282,0.062196907,0.08735879,0.108713165,0.17297904,0.03494164,0.043568626,0.23126705,0.2589748
7.mp4,38,0,52.0,0.4391675,0.21520354,0.19693893,0.39941683,0.22853465,0.45132983,0.29737636,0.52759147,0.04980859,0.6108328,0.2300282,0.060123015,0.086851254,0.11020199,0.19350818,0.03403676,0.04176323,0.22669587,0.2468197
7.mp4,39,0,54.0,0.41754514,0.21828578,0.20749497,0.24458325,0.20079526,0.13281167,0.63396716,0.5229302,0.049079135,0.6108328,0.23322289,0.05954314,0.08953512,0.11136082,0.20600857,0.032397587,0.042779207,0.22394611,0.23442945
7.mp4,40,0,50.0,0.4242025,0.2210842,0.21492237,0.5686734,0.4038744,0.13281167,0.63396716,0.52008647,0.04578056,0.5814665,0.23322289,0.05927447,0.08850563,0.10937067,0.21765217,0.033318408,0.042769913,0.22451358,0.22459516
7.mp4,41,0,50.0,0.43337098,0.22252204,0.3403076,0.59630716,0.34553012,0.13281167,0.63396716,0.5256747,0.04457151,0.5903033,0.24294071,0.058143895,0.08731296,0.105145544,0.23007944,0.033547882,0.042959366,0.22482178,0.21798913
7.mp4,42,0,47.0,0.43342945,0.22377759,0.3357242,0.7529195,0.34727582,0.022353519,0.9785753,0.52914083,0.047447193,0.6062397,0.24439508,0.056424644,0.08668367,0.10219754,0.23220077,0.033300996,0.04492091,0.22861469,0.21565677
7.mp4,43,0,48.0,0.43658367,0.22579886,0.32939976,0.70579284,0.4917816,0.022353519,0.9785753,0.5345334,0.052370828,0.62104636,0.2553149,0.05944073,0.08526219,0.09904985,0.22468413,0.03199867,0.04575157,0.23126312,0.22254974
7.mp4,44,0,52.0,0.43732864,0.22922117,0.32501402,0.7750989,0.44015497,0.005355521,0.9785753,0.54537296,0.05694879,0.65382004,0.26021573,0.0603687,0.08502332,0.094104774,0.21967429,0.031543866,0.04746439,0.23342577,0.22839488
7.mp4,45,0,57.0,0.43571013,0.2334718,0.31845653,0.50264645,0.2932355,0.07812334,0.7518116,0.564315,0.06204691,0.686118,0.26021573,0.057901517,0.07894296,0.08981995,0.22067516,0.030156318,0.04655462,0.23597959,0.23996988
7.mp4,46,0,53.0,0.44264567,0.23647326,0.17539069,0.39391983,0.43546742,0.3069217,0.51624787,0.58669275,0.06832161,0.71076196,0.26021573,0.05532404,0.07829287,0.08373083,0.21937475,0.028224437,0.04696075,0.23448893,0.2536034
7.mp4,47,0,53.0,0.4364864,0.23910087,0.17836328,0.50544465,0.849878,0.32041904,0.39403638,0.6031671,0.068069026,0.71076196,0.26249593,0.052153964,0.07865828,0.08099058,0.21522151,0.027883187,0.04839151,0.2373879,0.25931308
7.mp4,48,0,54.0,0.43865177,0.24037349,0.1576343,0.455594,1.0538093,0.32041904,0.39403638,0.6126786,0.060359288,0.71076196,0.26249593,0.05186874,0.077281885,0.082130246,0.21071984,0.02752838,0.04670575,0.23924139,0.26452374
7.mp4,49,0,55.0,0.41784683,0.2410679,0.13839139,0.21176802,0.17462268,0.32041904,0.39403638,0.61654156,0.056041997,0.71076196,0.26249593,0.04831812,0.07968242,0.084033884,0.20516586,0.027198521,0.045067653,0.24233335,0.2682002
7.mp4,50,0,52.0,0.41784683,0.23854321,0.13578089,0.19425167,0.26210278,0.5376377,0.21744008,0.61856073,0.053951357,0.71076196,0.26249593,0.047323473,0.07878057,0.08404436,0.20149982,0.029261194,0.04354862,0.24524534,0.27029663
7.mp4,51,0,50.0,0.40752408,0.23217839,0.13659395,0.257721,0.2570106,0.5376377,0.21744008,0.61244875,0.054132238,0.71076196,0.26249593,0.049306206,0.08142754,0.08614323,0.19576766,0.030527612,0.04429871,0.2469912,0.26553786
7.mp4,52,0,43.0,0.41366562,0.22289246,0.11950738,0.24319716,0.20742865,0.5376377,0.21744008,0.59766835,0.05060129,0.7029788,0.26249593,0.051072348,0.080489464,0.0903377,0.18844104,0.030721085,0.04361816,0.25042167,0.26489854
7.mp4,53,0,37.0,0.41584507,0.21166092,0.14092901,0.30733582,0.20994851,0.5376377,0.21744008,0.57631546,0.052839264,0.6537899,0.25297475,0.054233376,0.07905393,0.09325062,0.18543638,0.03179596,0.04349224,0.25086105,0.26187643
7.mp4,54,0,33.0,0.422015,0.20646518,0.14302,0.637543,0.14004593,0.5376377,0.21744008,0.5590888,0.05731268,0.6537899,0.25297475,0.055761475,0.07791051,0.095695496,0.18758677,0.03308454,0.04347148,0.24990466,0.25658506
7.mp4,55,0,31.0,0.41051376,0.20779423,0.14672098,0.71831965,0.17565504,0.5376377,0.21744008,0.54773664,0.05463975,0.6537899,0.25297475,0.05667846,0.0752323,0.09550682,0.19191548,0.03609075,0.04480732,0.25114852,0.24862035
7.mp4,56,0,35.0,0.4167012,0.20667122,0.14893243,0.27828088,0.27011633,0.102898315,0.7398214,0.5400312,0.050740805,0.64972275,0.2522436,0.054250196,0.075572796,0.09516278,0.19732484,0.039615497,0.044498187,0.24667706,0.24689865
7.mp4,57,0,39.0,0.4123501,0.21111876,0.15673599,0.22312534,0.2591328,0.102898315,0.7398214,0.5304562,0.04573039,0.6272432,0.2479829,0.053633224,0.07565282,0.09458659,0.20148978,0.04390728,0.0436702,0.23804761,0.24901249
7.mp4,58,0,44.0,0.5211512,0.22319055,0.158954,0.3043032,0.265153,0.102898315,0.7398214,0.5309782,0.046672195,0.6272432,0.26302853,0.050500214,0.07506087,0.09195389,0.2117628,0.0514291,0.04562693,0.23302908,0.24063711
7.mp4,59,0,46.0,0.5164112,0.23378606,0.15893346,0.31584293,0.19115537,0.048335303,0.9489429,0.54003567,0.045119278,0.6272432,0.29285035,0.049411826,0.074730136,0.09104707,0.21632983,0.056969617,0.045631953,0.22711858,0.23876098
7.mp4,60,0,49.0,0.5217641,0.23685694,0.24091332,0.24157757,0.24809341,0.048335303,0.88943976,0.56250733,0.06138897,0.75317395,0.349477,0.044020206,0.0710235,0.0895841,0.22391067,0.07236285,0.046901207,0.21823364,0.23396382
7.mp4,61,0,45.0,0.5217641,0.24032986,0.24091332,0.2446003,0.16760325,0.048335303,0.88943976,0.5794702,0.063588105,0.75317395,0.349477,0.039900504,0.068931505,0.08845923,0.2330412,0.08443326,0.046544705,0.20331877,0.23537081
7.mp4,62,0,42.0,0.5217641,0.23916206,0.24091332,0.289313,0.17069331,0.048335303,0.88943976,0.58728796,0.060094994,0.75317395,0.349477,0.03772599,0.06448394,0.089244135,0.23766276,0.08752115,0.04918158,0.20180026,0.23238018
7.mp4,63,0,41.0,0.5228219,0.23563737,0.24140172,0.24701641,0.19019513,0.048335303,0.88943976,0.6108978,0.062298235,0.7634101,0.349477,0.034931913,0.060298864,0.08557951,0.24805343,0.093357354,0.048431065,0.19846253,0.23088533
7.mp4,64,0,39.0,0.6237995,0.24186324,0.29590437,0.24789965,0.19468129,0.048335303,0.88943976,0.6207119,0.058378935,0.7634101,0.37477648,0.03907544,0.05835613,0.082908645,0.2462106,0.09848086,0.04494596,0.19177662,0.23824574
7.mp4,65,0,36.0,0.61934155,0.24368441,0.29590437,0.25893664,0.2037552,0.04796369,0.88943976,0.6254896,0.057908796,0.7634101,0.37477648,0.038050078,0.055169318,0.08146561,0.24408194,0.096765496,0.04269314,0.19419576,0.24757865
7.mp4,66,0,33.0,0.635773,0.24955684,0.28977352,0.29345858,0.17069331,0.04796369,1.121756,0.6191446,0.050214063,0.7634101,0.37477648,0.042903747,0.058684207,0.07707493,0.2404568,0.08170283,0.039811872,0.2003972,0.2589684
7.mp4,67,0,34.0,0.63147676,0.24838974,0.16357838,0.43891707,0.18711098,0.027601618,1.1932628,0.6130942,0.05328052,0.7634101,0.37477648,0.04594993,0.05923381,0.07578351,0.23209605,0.07233224,0.039045434,0.20319945,0.27235958
7.mp4,68,0,34.0,0.63147676,0.2499031,0.16357838,0.20751016,0.18711098,0.64761376,0.16566662,0.61124814,0.056435026,0.7634101,0.37477648,0.048836812,0.06143185,0.07225839,0.2266934,0.06670464,0.03725207,0.20060849,0.28621435
9.mp4,0,0,21.0,0.69524187,0.14200166,0.20220813,0.90863085,2.600923,0.9847984,0.0035387815,1.5893131,0.6244603,3.057725,2.1373422,0.17397365,0.22550711,0.0259024,0.033831064,0.39477098,0.068190515,0.041402712,0.03642159
9.mp4,1,0,23.0,0.69524187,0.123772286,0.20220813,0.90863085,2.343177,0.9847984,0.0035387815,1.6305344,0.5667836,3.057725,2.1373422,0.19280103,0.21752997,0.022545813,0.027097013,0.389178,0.071625344,0.041745488,0.037477337
9.mp4,2,0,20.0,0.69524187,0.11869397,0.20220813,0.94627786,3.111927,0.9847984,0.004205974,1.6321294,0.55872005,3.057725,2.1373422,0.22044314,0.19404441,0.023429811,0.032386474,0.3778459,0.073452406,0.040996626,0.03740121
9.mp4,3,0,23.0,0.69524187,0.104677916,0.20220813,0.95269656,3.09574,0.9847984,0.006389273,1.5014699,0.6938073,3.057725,2.1373422,0.23105755,0.18260172,0.026777238,0.033223398,0.36053473,0.078040645,0.04502789,0.042736817
9.mp4,4,0,21.0,0.6315065,0.07427492,0.18367097,0.9742339,2.7214422,0.95976985,0.009984738,1.3221872,0.82491845,3.057725,2.1373422,0.23032235,0.15688756,0.03035284,0.038260497,0.37326705,0.08386753,0.041904792,0.045137387
9.mp4,5,0,20.0,0.32242152,0.04954895,0.1337296,0.9585215,2.8881183,0.95597273,0.01588793,1.0576515,0.8714908,3.057725,2.1373422,0.21619898,0.16775906,0.035770927,0.04421902,0.3576496,0.085203275,0.04233469,0.05086444
9.mp4,6,0,19.0,0.36860806,0.04598015,0.13703626,0.95645857,3.107261,0.95597273,0.01588793,0.7353341,0.60201627,2.444516,1.4154178,0.20526972,0.18797855,0.043799855,0.04946909,0.33512193,0.086439185,0.045457274,0.0464644
9.mp4,7,0,16.0,0.36860806,0.043074872,0.12767504,0.909125,3.0457075,0.95597273,0.01588793,0.5790073,0.3765516,1.3448493,1.2452601,0.21752435,0.20517363,0.04692628,0.053414788,0.29503933,0.081011534,0.050007693,0.050902415
9.mp4,8,0,16.0,0.36417362,0.045618944,0.13042907,0.9351943,3.0695136,0.95597273,0.01588793,0.5611874,0.3807895,1.5215929,0.9170201,0.21875034,0.26716828,0.04603158,0.041728888,0.25684184,0.076175734,0.04486732,0.048436027
9.mp4,9,0,19.0,0.45975867,0.04860602,0.22778153,0.9644801,3.1325202,0.95597273,0.017013334,0.692804,0.49524906,2.1350713,1.5351465,0.25169244,0.302855,0.045561235,0.041902885,0.20093411,0.070840195,0.040381122,0.04583298
9.mp4,10,0,19.0,0.4093015,0.044649728,0.2262701,0.9255433,3.1108375,0.9258252,0.046001546,0.81720346,0.4669479,2.1350713,1.5351465,0.2869226,0.32706752,0.045360915,0.03523361,0.15256527,0.05787267,0.041671634,0.05330578
9.mp4,11,0,19.0,0.4093015,0.04273203,0.2262701,0.87271947,3.063602,0.5563553,0.21187344,1.0459032,0.4477026,2.1350713,1.5351465,0.34940815,0.32937413,0.0391655,0.028783107,0.11189951,0.048901312,0.04349627,0.048972033
9.mp4,12,0,20.0,0.4007675,0.04101989,0.22155233,0.87401223,3.0715244,0.5919622,0.10420183,1.2600826,0.44686696,2.1350713,1.5351465,0.3898956,0.33647373,0.03562763,0.027221993,0.080020115,0.03987617,0.039712887,0.051171858
9.mp4,13,0,22.0,0.3565402,0.038113013,0.2213699,0.86513096,3.0935671,0.5919622,0.10420183,1.3495182,0.46061185,2.4192498,2.1353307,0.36973235,0.32263252,0.040405177,0.03204936,0.08570019,0.043090526,0.043024953,0.06336493
9.mp4,14,0,23.0,0.37812355,0.032688107,0.27675772,0.7337768,2.924205,0.5919622,0.10420183,1.356771,0.43633077,2.4192498,2.1353307,0.35455003,0.32415056,0.03903903,0.03156354,0.092225365,0.043580454,0.046788793,0.06810223
9.mp4,15,0,22.0,0.37812355,0.03586764,0.27675772,-0.1578149,2.8955288,0.5919622,0.10420183,1.4695158,0.46226326,2.4192498,2.1353307,0.3643309,0.3252508,0.033240892,0.026831947,0.100918844,0.036117993,0.048284285,0.065024346
9.mp4,16,0,20.0,0.3830349,0.04693806,0.328099,0.040105216,3.0466104,0.5919622,0.10420183,1.5405804,0.47669864,2.4192498,2.1353307,0.35233882,0.3177822,0.030149966,0.026390811,0.1335191,0.039776474,0.04278073,0.05726192
9.mp4,17,0,20.0,0.39715177,0.061038937,0.34019122,0.019740112,2.9090548,0.5919622,0.10420183,1.5033624,0.49026603,2.4192498,2.1353307,0.31969893,0.3025744,0.029572157,0.028642196,0.18422256,0.043882724,0.037084077,0.054322965
9.mp4,18,0,18.0,0.33752984,0.07479277,0.23519216,0.22482327,2.8959827,0.18694803,0.6198483,1.3837632,0.51627237,2.4192498,2.1353307,0.27131456,0.29437885,0.029021962,0.026800198,0.24540737,0.050164238,0.03578922,0.047123607
9.mp4,19,0,20.0,0.39776486,0.093902394,0.11880767,0.30892813,2.3166919,0.96975654,0.0045805885,1.3078544,0.5042239,2.2623558,1.4701836,0.2501097,0.28173277,0.024699956,0.023485152,0.3071896,0.052729495,0.028198084,0.031855214
9.mp4,20,0,19.0,0.39776486,0.10383323,0.11417898,0.5088116,2.912011,0.97062165,0.0036401653,1.1964259,0.60924006,2.2623558,1.4701836,0.22777058,0.23350011,0.025650743,0.03047897,0.35504973,0.066897675,0.030807007,0.029845186
9.mp4,21,0,18.0,0.39776486,0.10523338,0.106497124,0.82729185,2.2851722,0.97062165,0.0036401653,0.9431376,0.54027903,2.2623558,1.4701836,0.17726685,0.22301336,0.02954612,0.033045348,0.3916571,0.08343885,0.031867977,0.030164404
9.mp4,22,0,19.0,0.39776486,0.08374096,0.10718704,0.8938314,2.874998,0.97062165,0.0036401653,0.85678947,0.4628503,1.8179102,1.4574437,0.18093131,0.22343643,0.030663215,0.03412234,0.38318485,0.086651444,0.034462135,0.026548281
9.mp4,23,0,18.0,0.39776486,0.059310686,0.10653467,0.92844343,3.0741565,0.97062165,0.0036401653,0.80800086,0.42212793,1.8179102,1.4574437,0.184473,0.2451585,0.031691127,0.033605173,0.34434366,0.08617307,0.040191542,0.034363955
9.mp4,24,0,17.0,0.3001253,0.043379262,0.10620674,0.9569314,2.3214228,0.97062165,0.0036401653,0.9692256,0.61329585,2.3648272,1.6448729,0.23231077,0.2569617,0.032925136,0.0349126,0.28950524,0.07607697,0.040681016,0.03662659
9.mp4,25,0,18.0,0.30880183,0.037087865,0.105673485,0.9437977,3.076928,0.97062165,0.0036401653,1.214989,0.8109543,2.8630712,1.6448729,0.29938185,0.28007817,0.031553846,0.03364201,0.21579294,0.065726794,0.038693354,0.035131015
9.mp4,26,0,18.0,0.3032274,0.032113545,0.102626294,0.87928075,3.076928,0.9603405,0.011062042,1.4757977,0.7568601,2.8630712,1.6448729,0.34764442,0.30976114,0.033859238,0.030291779,0.1615424,0.049232047,0.034084782,0.033584185
9.mp4,27,0,19.0,0.3032274,0.030014643,0.102626294,0.83595824,3.076928,0.9603405,0.011062042,1.6520402,0.6223562,2.8630712,1.6448729,0.37732062,0.30898482,0.0346091,0.029143399,0.13075809,0.047566116,0.036218524,0.035399325
9.mp4,28,0,19.0,0.33813065,0.03001218,0.27798328,0.8767791,3.1198692,0.9603405,0.011062042,1.6886982,0.567289,2.8630712,1.6448729,0.38751563,0.29564375,0.03496842,0.027907072,0.12224979,0.053832866,0.03847475,0.03940772
9.mp4,29,0,19.0,0.34708893,0.027059436,0.2661731,0.8577822,3.1013808,0.9603405,0.011062042,1.8637153,0.5169314,2.8630712,1.7037355,0.4096027,0.29028842,0.033021033,0.025088245,0.11556121,0.055455092,0.034573853,0.03640946
9.mp4,30,0,16.0,0.3433158,0.02623681,0.30052316,0.8739046,3.0012653,0.22817582,0.5662512,1.8538219,0.5240101,2.8630712,1.7037355,0.40664828,0.29550534,0.031871803,0.023808738,0.10926352,0.06014452,0.03604664,0.036711164
9.mp4,31,0,16.0,0.36499152,0.021502366,0.28914967,0.9352538,2.7586493,0.23525205,0.5662512,1.7033556,0.47182372,2.6162245,1.7037355,0.39301503,0.31460083,0.0337587,0.022219343,0.10336767,0.05886024,0.037063967,0.03711421
9.mp4,32,0,15.0,0.35877493,0.018044272,0.28422484,0.86687785,2.882219,0.2452699,0.5530359,1.6202371,0.47087225,2.6162245,1.7037355,0.3872416,0.33881205,0.030246556,0.019429116,0.09106511,0.058020316,0.03637987,0.03880538
9.mp4,33,0,17.0,0.35032818,0.014079398,0.27753323,0.8286741,3.0231276,0.25320345,0.5441843,1.493563,0.5618065,2.6162245,1.7037355,0.39812288,0.34964484,0.026595186,0.017218543,0.07955129,0.056196783,0.03530207,0.037368413
9.mp4,34,0,17.0,0.08137265,0.0081065325,0.044584423,0.7971996,3.0698493,0.25320345,0.5441843,1.4847976,0.5754126,2.6162245,1.7037355,0.41024104,0.36659378,0.025698302,0.016342627,0.06804983,0.051638186,0.029243546,0.032192685
9.mp4,35,0,18.0,0.33071306,0.008973261,0.24124925,0.864336,2.9445522,0.25320345,0.5441843,1.3772427,0.49036682,2.491541,1.5318577,0.41195938,0.39234656,0.0247022,0.015802462,0.056554247,0.04249166,0.027824624,0.028318867
9.mp4,36,0,16.0,0.3116802,0.01212349,0.2273651,0.82373613,3.1380236,0.25320345,0.5441843,1.2143306,0.39845696,1.97691,1.3504119,0.43532637,0.40107572,0.02322798,0.012987841,0.039175972,0.03857403,0.02367767,0.025954437
9.mp4,37,0,16.0,0.33707187,0.017954297,0.2273651,0.5763361,3.1399584,0.25320345,0.5441843,1.1467229,0.35099557,1.9229895,1.3504119,0.4398885,0.40009087,0.019671615,0.010386813,0.04445971,0.038910296,0.020165373,0.0264268
9.mp4,38,0,19.0,0.33707187,0.019360447,0.2273651,0.5763361,2.9293456,0.25320345,0.5441843,1.0606279,0.30902597,1.9229895,1.0272529,0.42861757,0.41967502,0.019336786,0.007871901,0.044919558,0.038307015,0.018091945,0.02318019
9.mp4,39,0,20.0,0.33707187,0.021206245,0.2273651,0.16917495,2.8402944,0.24111074,0.5608811,1.0763586,0.29384747,1.9229895,1.0272529,0.41306067,0.42515948,0.020171598,0.009425142,0.060421646,0.03144934,0.013727174,0.026584974
9.mp4,40,0,22.0,0.4158844,0.03142363,0.106519155,0.06351652,3.0299852,0.24111074,0.5608811,1.1020379,0.29269582,1.9229895,1.0063468,0.40087682,0.4260239,0.020228492,0.01225574,0.0759367,0.024602748,0.013112991,0.02696263
9.mp4,41,0,23.0,0.4268466,0.0551718,0.12895194,0.15249519,2.1366005,0.24111074,0.5608811,1.1275251,0.3240042,1.9352597,0.9003906,0.3618841,0.40310854,0.021031644,0.016618647,0.1209745,0.030991284,0.017320715,0.02807056
9.mp4,42,0,24.0,0.43539834,0.07033946,0.12861368,0.15249519,2.7441006,0.23723178,0.56746745,1.2365347,0.37439555,1.9670895,0.9003906,0.32369438,0.3816529,0.021298932,0.017411955,0.17094187,0.039119445,0.01907456,0.026805954
9.mp4,43,0,24.0,0.48166752,0.097059116,0.14652273,0.15249519,2.8904643,0.2295216,0.57692015,1.3152176,0.39868072,1.9670895,0.9003906,0.27882126,0.36371204,0.0201718,0.0187797,0.2233829,0.0485024,0.022352759,0.024277132
9.mp4,44,0,26.0,0.48909238,0.12689015,0.17311785,0.9246685,3.0761154,0.22335765,0.58436185,1.4092726,0.3741747,1.9670895,0.9003906,0.263914,0.32513997,0.018451452,0.020811643,0.27269652,0.05350554,0.02418934,0.021291548
9.mp4,45,0,25.0,0.48909238,0.15148452,0.17600165,0.90788203,2.0791857,0.1904429,0.63717514,1.5087099,0.2840147,1.9670895,0.9003906,0.25736937,0.3161685,0.018935649,0.02163715,0.28889695,0.05306409,0.026557198,0.017371094
9.mp4,46,0,27.0,0.48909238,0.1527896,0.19327694,0.90788203,1.8178667,0.16659954,0.6281191,1.5493411,0.26102543,1.9670895,0.9003906,0.23964329,0.31807888,0.020314572,0.018615518,0.3040691,0.054075878,0.029219793,0.01598297
9.mp4,47,0,27.0,0.48909238,0.16666855,0.20650852,0.8253516,2.9891622,0.16659954,0.6281191,1.635378,0.37504676,2.7495959,1.5944169,0.22914888,0.3164856,0.018530542,0.018428406,0.304611,0.06274607,0.03189588,0.01815361
9.mp4,48,0,26.0,0.4351158,0.14341213,0.20448679,0.74406177,3.1273503,0.95884126,0.0045684855,1.5510452,0.42267442,2.7495959,1.5944169,0.21908781,0.31322452,0.020178642,0.020802047,0.3078511,0.06738833,0.034044992,0.017422535
9.mp4,49,0,24.0,0.43488097,0.12741062,0.20448679,0.9850679,2.8330894,0.9651302,0.0037857015,1.5154216,0.43299085,2.7495959,1.5944169,0.22174245,0.2994754,0.022164106,0.024129396,0.311002,0.07068806,0.032968003,0.01783059
9.mp4,50,0,23.0,0.43488097,0.11544368,0.20448679,0.9482575,3.1373286,0.9708753,0.0030199538,1.5191228,0.4513342,2.7495959,1.5944169,0.2313525,0.2879588,0.025143392,0.02446177,0.31158838,0.06906309,0.03235062,0.018081473
9.mp4,51,0,25.0,0.475616,0.12852265,0.20448679,0.9482575,2.7530646,0.9708753,0.0030199538,1.5455167,0.44603455,2.7495959,1.5944169,0.24893051,0.2676389,0.026398642,0.024200294,0.30936,0.06967151,0.031309955,0.022490175
9.mp4,52,0,25.0,0.6734945,0.12233038,0.22428384,0.9482575,3.0048194,0.9708753,0.0030199538,1.5982475,0.45871526,2.7495959,1.5944169,0.2754386,0.24345276,0.024645953,0.028606532,0.30692506,0.06913179,0.02901078,0.022788523
9.mp4,53,0,27.0,0.63771844,0.103547215,0.22428384,0.96388304,2.879943,0.9708753,0.0030199538,1.4289258,0.53135866,2.2930627,1.5361646,0.2868349,0.2208446,0.03442844,0.03388727,0.30156964,0.06676454,0.03082512,0.024845487
9.mp4,54,0,25.0,0.61243874,0.07514779,0.22428384,0.99179035,3.1133895,0.9708753,0.0030199538,1.237529,0.7456613,2.2930627,1.5361646,0.28867853,0.20089886,0.04550821,0.045043923,0.2787401,0.06658955,0.037392452,0.037148368
a.mp4,0,0,1.0,0.057987656,0.04465862,0.014699182,-0.056192268,0.5115936,0.0,10.0,1.0020143,0.35175103,1.5663075,0.62473136,0.8102868,0.116025716,0.023668434,0.0027800333,6.7665234e-05,6.622555e-05,0.0002029957,0.046902083
a.mp4,1,0,1.0,0.04875186,0.035529446,0.013219048,0.14537413,0.082147986,0.0,10.0,1.1523277,0.30221665,1.7579598,0.6378033,0.7723906,0.15787901,0.02998037,0.007895686,0.0004028565,0.0001403208,0.0002383945,0.03107276
a.mp4,2,0,2.0,0.04326,0.0283646,0.018477317,0.31928802,0.64062285,0.0,1.0913035,1.8418686,1.5931472,8.002057,6.9600244,0.6907998,0.17088972,0.03249813,0.010047088,0.008567763,0.0049489294,0.0073041716,0.07494441
a.mp4,3,0,2.0,0.14430325,0.04347438,0.113732405,0.34448043,0.7598187,0.0,1.0728897,3.6430945,3.9382193,14.228825,9.515823,0.60336304,0.18243949,0.046617147,0.015384126,0.012633976,0.008950947,0.009928964,0.12068231
a.mp4,4,0,2.0,0.14511657,0.04258471,0.11437342,0.21816336,0.80909145,0.0,1.0728897,4.093388,3.791921,14.228825,9.515823,0.5092863,0.19236593,0.06976633,0.055874288,0.014797521,0.010048815,0.011162686,0.13669819
a.mp4,5,0,2.0,0.14511657,0.03879541,0.11437342,0.22336969,0.7265901,0.0,1.0728897,4.2029233,3.7249396,14.228825,9.515823,0.3975792,0.1308439,0.0765023,0.20404455,0.025454672,0.0113761425,0.011700736,0.14249852
a.mp4,6,0,2.0,0.14511657,0.036365528,0.11437342,0.18195777,0.44726247,0.0,1.0728897,4.313352,3.646342,14.228825,9.515823,0.2351342,0.10401203,0.08899171,0.28851882,0.116479225,0.011995464,0.0118241,0.14304446
a.mp4,7,1,3.0,0.12820534,0.02610987,0.033650376,0.7516458,0.24647719,0.0,0.8024125,3.332187,2.1062162,7.635417,6.4691887,0.04259514,0.06992609,0.085199766,0.32439822,0.4620549,0.007193753,0.0008766853,0.007755439
a.mp4,8,1,2.0,0.11294348,0.024142303,0.029644556,0.7965355,0.83670336,0.027925333,0.7430863,3.5598922,2.2331207,7.635417,3.7790987,0.012734273,0.054002136,0.06485925,0.3833753,0.47347215,0.007414185,0.001264855,0.0028778515
a.mp4,9,1,2.0,0.10276211,0.022941465,0.02697223,0.86355245,1.5228963,0.09294984,0.70148736,3.7120216,2.1649556,7.635417,3.7790987,0.03706259,0.053285405,0.062413868,0.34477773,0.48777837,0.0071301023,0.0016605328,0.005891406
a.mp4,10,1,2.0,0.09556575,0.023886839,0.026776018,0.82330084,2.5092478,0.21600932,0.53256613,3.7615395,2.1268106,7.635417,3.7790987,0.062237486,0.03731988,0.04300294,0.32207718,0.48129743,0.011886977,0.007736822,0.034441277
a.mp4,11,1,2.0,0.08967535,0.023581287,0.028128691,0.8632549,2.868769,0.26638955,0.47303644,3.8810375,1.9968015,7.635417,3.7790987,0.07228918,0.014345183,0.02900329,0.3757171,0.379146,0.013080213,0.011361977,0.10505704
a.mp4,12,1,3.0,0.07770628,0.020638864,0.028375765,0.81662655,2.719561,0.63706464,0.17087835,3.4201198,2.2243216,7.635417,3.7790987,0.08059747,0.01325604,0.02623958,0.33359623,0.31142724,0.05557483,0.03867812,0.14063047
a.mp4,13,1,3.0,0.05733242,0.01626362,0.02844602,0.5552034,1.02221,0.63706464,0.17087835,2.3180614,1.6075935,7.0155187,3.7790987,0.087243244,0.014487208,0.026120849,0.3104861,0.20651239,0.089281976,0.075223625,0.19064459
a.mp4,14,1,3.0,0.057246774,0.016127057,0.028403528,0.6033488,2.0056872,0.63706464,0.17087835,1.7736233,0.904924,3.440394,1.127087,0.07801266,0.01030731,0.018217536,0.19871795,0.35161927,0.08729083,0.07206051,0.18377393
a.mp4,15,0,2.0,0.0417684,0.007667234,0.015861258,0.5424006,2.0403612,0.2969274,0.44460794,1.277247,0.88957703,3.1404123,0.68694466,0.15293947,0.13307601,0.042639308,0.24496281,0.29967886,0.037423242,0.03542927,0.053851023
a.mp4,16,0,2.0,0.041687585,0.007545335,0.015830569,0.50004107,2.3724751,0.3024098,0.43926898,1.3978891,0.84203434,3.1404123,0.68694466,0.28688458,0.13132924,0.041809965,0.23909307,0.28005505,0.0024419466,0.0005237093,0.017862445
a.mp4,17,0,2.0,0.038716692,0.0064077745,0.027307954,0.5887927,2.4291763,0.3024098,0.43926898,1.2565377,0.7720702,3.1404123,0.6259312,0.40341043,0.13545237,0.043041896,0.23696043,0.09496785,0.0004898082,0.0004175929,0.0852596
a.mp4,18,0,2.0,0.038472034,0.0058590057,0.027135389,0.49843973,2.391011,0.3024098,0.43926898,0.8721981,0.37515226,1.6557319,0.6259312,0.51300627,0.13264076,0.042076528,0.15171032,0.013660734,0.0005088481,0.00055636105,0.14584017
a.mp4,19,0,2.0,0.038432207,0.005680191,0.027107298,0.66663927,2.219869,0.3024098,0.43926898,0.74900377,0.43406233,1.5034399,0.3588099,0.5337553,0.11203818,0.019592475,0.017863728,0.029934634,0.046850182,0.05026937,0.18969615
a.mp4,20,0,2.0,0.038402807,0.00537186,0.027086563,0.8700505,1.4404856,0.3024098,0.43926898,0.66768926,0.48689753,1.5034399,0.3588099,0.48517984,0.011414588,0.00586965,0.028698826,0.14907014,0.07037987,0.055514645,0.19387245
a.mp4,21,0,2.0,0.03832651,0.0044865273,0.027032748,0.66992795,1.4294393,0.3024098,0.43926898,0.61974174,0.47024098,1.5034399,0.3588099,0.3683552,0.0039067455,0.0037365626,0.030853886,0.28275463,0.06864646,0.053727083,0.18801941
a.mp4,22,0,2.0,0.025073266,0.0041513997,0.021777771,0.39864266,3.0142837,0.28071544,0.45874736,0.4966634,0.33741623,1.3407311,0.3588099,0.23416924,0.0038071454,0.0037765782,0.03742343,0.41151404,0.072007164,0.055742357,0.18156002
a.mp4,23,0,2.0,0.021490768,0.0035814773,0.012592405,0.23396485,2.4247134,0.28187552,0.4583774,0.46406052,0.2817273,1.0897332,0.3588099,0.12882817,0.0037105922,0.0037577734,0.086246155,0.5341426,0.07197453,0.05571824,0.115621924
a.mp4,24,0,2.0,0.018038895,0.0034475198,0.008867274,-1.2437524,1.9892439,0.31002486,0.42917028,0.5041728,0.3068499,1.0897332,0.3588099,0.010542143,0.0033012752,0.0035465476,0.18145436,0.61942255,0.07252903,0.05582461,0.053379502
a.mp4,25,0,2.0,0.017955974,0.0039696926,0.010324852,-0.30966407,0.6354577,0.31002486,0.42917028,0.5795506,0.24400511,1.0897332,0.2969084,0.0025220911,0.00029814828,0.0007803575,0.26497623,0.6755447,0.028191745,0.009108734,0.018577985
a.mp4,26,0,2.0,0.017981995,0.003938922,0.010339814,0.5933841,0.5872941,0.31002486,0.42917028,0.6321779,0.16756974,1.0897332,0.2969084,0.0018121026,0.00014948321,0.0006025089,0.35168216,0.6280949,0.0040757055,0.0028920425,0.010691101
b.mp4,0,1,23.0,0.20112698,0.042863682,0.10595057,0.6411749,0.83921075,0.945016,0.006719471,0.89527684,0.094761424,1.0214891,0.21683107,0.017860439,0.0026199718,0.004182037,0.010273265,0.009931649,0.013212813,0.10801667,0.83390313
b.mp4,1,1,23.0,0.20313616,0.043790583,0.10700898,0.58687276,0.78672844,0.945016,0.006719471,0.8456495,0.10559125,1.0214891,0.21683107,0.021574343,0.0029723367,0.006120288,0.013590447,0.011181648,0.013807999,0.112838715,0.81791425
b.mp4,2,1,22.0,0.20539458,0.045256626,0.14402793,0.5844645,0.87267923,0.945016,0.006719471,0.7887252,0.10087607,0.9591004,0.20976132,0.02370106,0.0032668554,0.007829882,0.02043924,0.01583846,0.01660861,0.12590228,0.7864136
b.mp4,3,1,21.0,0.2087882,0.045469154,0.14465082,0.5786692,1.185075,0.78499216,0.17385253,0.7319425,0.102188095,0.90952486,0.19287156,0.023925733,0.0033740187,0.00860567,0.022914007,0.019809142,0.018102907,0.1288976,0.7743709
b.mp4,4,1,20.0,0.21204998,0.045606125,0.14476088,0.4153675,1.668195,0.8936869,0.013271416,0.67436546,0.09439105,0.87389594,0.17657053,0.022723164,0.003207758,0.008471355,0.027975172,0.031428613,0.021096108,0.13310573,0.7519921
b.mp4,5,1,18.0,0.22056378,0.044672444,0.14463185,0.502365,1.7053816,0.8936869,0.013271416,0.6175354,0.093779705,0.7603701,0.15437703,0.022493778,0.0038360609,0.0111275045,0.030720022,0.043422047,0.025462614,0.13460901,0.72832894
b.mp4,6,1,18.0,0.23104697,0.04417751,0.15716761,0.45186496,0.85184985,0.8936869,0.013271416,0.5637473,0.098920465,0.72059155,0.14846262,0.02085443,0.0035419886,0.010936862,0.034009755,0.054451138,0.02866901,0.13644318,0.71109366
b.mp4,7,1,18.0,0.2411561,0.04366756,0.15519865,0.40025395,0.39959177,0.8936869,0.013271416,0.51253676,0.094397485,0.704455,0.14846262,0.01689781,0.003113455,0.00953551,0.035183813,0.06529163,0.03332328,0.13930272,0.6973518
b.mp4,8,1,18.0,0.24356689,0.042865563,0.13948174,0.63101786,0.99409014,0.8936869,0.013271416,0.48024717,0.0695479,0.61130315,0.1056863,0.014187409,0.003066252,0.009438486,0.032290395,0.07242108,0.033612333,0.13378493,0.7011991
b.mp4,9,0,21.0,0.23360175,0.039340924,0.18051904,0.82781243,3.0815737,0.87709534,0.007559073,0.6213684,0.1678488,0.8584577,0.15109079,0.011236763,0.002825837,0.0057795155,0.02442045,0.054170307,0.028500736,0.11811785,0.75494856
b.mp4,10,0,23.0,0.26287144,0.038241588,0.2031376,0.82781243,3.0815737,0.87709534,0.007559073,0.6948474,0.14689493,0.8584577,0.15109079,0.011438968,0.0029227794,0.005691015,0.019830436,0.043562427,0.02437457,0.10692005,0.7852598
b.mp4,11,0,24.0,0.15076345,0.03530576,0.074484386,0.82781243,3.0815737,0.87709534,0.0052531916,0.74297005,0.10448452,0.8584577,0.15109079,0.012886901,0.0025757737,0.004051087,0.01817768,0.033385992,0.023886152,0.09860769,0.80642873
b.mp4,12,0,23.0,0.20629185,0.033069905,0.07672931,0.9676807,1.0255996,0.87709534,0.0052531916,0.7575427,0.081268884,0.8584577,0.15109079,0.013515836,0.0026943162,0.0035403576,0.015939418,0.028385337,0.024363387,0.09968449,0.81187683
b.mp4,13,0,22.0,0.20050201,0.030602694,0.11905111,0.5012136,1.4620141,0.87709534,0.004174869,0.7358647,0.11028312,0.8584577,0.14917678,0.015323343,0.0030026652,0.0043102372,0.016450904,0.025568906,0.027599018,0.09598278,0.81176215
b.mp4,14,0,21.0,0.20050201,0.028823309,0.11905111,0.6089049,1.4620141,0.8692468,0.0030671721,0.6852465,0.1387937,0.8584577,0.14244772,0.017632075,0.003136275,0.0053534238,0.017522074,0.02756891,0.030167399,0.095938735,0.8026811
b.mp4,15,0,23.0,0.20050201,0.027497772,0.11905111,0.62418026,2.6241462,0.896783,0.0030671721,0.6175269,0.14242497,0.8493939,0.14244772,0.016452458,0.0028001643,0.0054666465,0.01714474,0.027404847,0.032935947,0.10240055,0.79539466
b.mp4,16,0,22.0,0.20050201,0.024830898,0.11905111,0.5877335,2.0533853,0.91028166,0.0030671721,0.54503787,0.123384126,0.79899114,0.14244772,0.02107374,0.0039413515,0.009136349,0.022623451,0.028026618,0.037805982,0.10780661,0.7695859
c.mp4,0,1,8.0,0.16189839,0.054614294,0.059490334,0.6823485,2.3227603,0.8970178,0.022167433,0.74072826,0.26239416,1.1663028,0.3934153,0.20407508,0.0077870283,0.0043875608,0.025800997,0.37224707,0.17169274,0.06036285,0.15364666
c.mp4,1,1,8.0,0.23354296,0.05360223,0.15527187,0.5960766,1.9653373,0.8970178,0.022167433,0.6184379,0.20969206,1.0261904,0.3934153,0.14934993,0.0076297545,0.0046478123,0.031107787,0.38067037,0.16876891,0.072089575,0.18573585
c.mp4,2,1,9.0,0.23157817,0.050246276,0.15396556,0.5722778,1.787989,0.8970178,0.022167433,0.512084,0.13821979,0.91092104,0.3345694,0.08609302,0.0067717372,0.004788705,0.037680957,0.4099125,0.15789016,0.08175911,0.21510382
c.mp4,3,1,8.0,0.23139799,0.049608484,0.15384577,0.54628414,1.079122,0.8848708,0.022167433,0.43804428,0.09430969,0.5771847,0.23459134,0.04503438,0.0062657376,0.004983887,0.03699101,0.42272365,0.14677025,0.08842812,0.24880296
c.mp4,4,1,8.0,0.2284012,0.04613794,0.15185334,0.4908736,0.52937,0.8848708,0.022167433,0.39665043,0.11087945,0.5771847,0.18868923,0.039577384,0.0070015555,0.005533331,0.043338496,0.44702265,0.128599,0.08026726,0.24866033
c.mp4,5,1,8.0,0.22170302,0.043267448,0.14740004,0.6042517,0.64449716,0.5039988,0.26256633,0.34411526,0.097464375,0.5187923,0.13697852,0.03810744,0.007009836,0.0063835606,0.051570777,0.45225364,0.11549539,0.076122686,0.25305668
c.mp4,6,1,8.0,0.13767166,0.04097399,0.11111998,0.6752462,0.6708404,0.5039988,0.26256633,0.29475835,0.07489601,0.43893364,0.12424781,0.044634562,0.008035236,0.0076198387,0.05503851,0.42983437,0.1246286,0.07347135,0.25673753
c.mp4,7,1,10.0,0.09640428,0.039218303,0.037839983,0.46687165,3.0799608,0.5039988,0.26256633,0.25796148,0.05970063,0.39000365,0.096798845,0.055595685,0.011448102,0.00946243,0.06178723,0.41833574,0.12807427,0.06698438,0.24831218
c.mp4,8,1,9.0,0.16425917,0.03883686,0.07292887,0.8187701,3.0265853,0.2754837,0.526094,0.22419024,0.046046466,0.33782992,0.096798845,0.060057055,0.0128638735,0.010660397,0.065824255,0.42050403,0.13272256,0.06540572,0.23196211
c.mp4,9,1,9.0,0.15865009,0.03564776,0.07043852,0.7051657,3.051443,0.2754837,0.526094,0.2010937,0.038967606,0.27027625,0.17986588,0.065746725,0.023578586,0.020940298,0.08161795,0.4201399,0.1315557,0.062755674,0.19366515
c.mp4,10,1,8.0,0.1567932,0.03566363,0.06961408,0.7050857,2.921126,0.10273744,0.7641557,0.18129621,0.042242303,0.24864717,0.17986588,0.06282736,0.024118239,0.022434335,0.096857004,0.43443555,0.135575,0.059817016,0.1639355
c.mp4,11,1,9.0,0.15418725,0.031770423,0.068457074,0.67753184,2.3092296,0.10273744,0.7641557,0.15812929,0.042858943,0.24864717,0.17986588,0.061960984,0.02553397,0.022893948,0.10126373,0.4530409,0.14359544,0.058112916,0.13359812
c.mp4,12,1,8.0,0.15310352,0.030527893,0.07052873,0.5338274,1.0473443,0.10273744,0.7641557,0.13742024,0.042249303,0.24864717,0.17986588,0.061114315,0.027652372,0.023489585,0.114627406,0.47824737,0.14127456,0.04926752,0.104326874
c.mp4,13,1,6.0,0.09912462,0.028542532,0.06416086,0.7429713,0.732263,0.0,1.2047837,0.11815868,0.038433783,0.24864717,0.17986588,0.05958012,0.028132563,0.024455555,0.13109481,0.49560943,0.13344043,0.046598393,0.081088684
c.mp4,14,1,6.0,0.24680737,0.029031925,0.13410237,0.74573547,3.044235,0.0,1.1492921,0.10189718,0.03787083,0.24864717,0.17986588,0.0637278,0.031895656,0.03166582,0.14111264,0.49081266,0.13047673,0.041693885,0.06861482
c.mp4,15,0,7.0,0.18104213,0.01935415,0.09836894,0.8718611,2.3314898,0.0,0.98952734,0.097240105,0.054407746,0.30721068,0.21077237,0.08959953,0.029002132,0.028287234,0.13948645,0.4264532,0.16314308,0.04606221,0.077966176
c.mp4,16,0,7.0,0.16807097,0.016807225,0.09132108,0.86068094,2.4768662,0.027406478,0.92455584,0.11211202,0.05906028,0.30721068,0.21077237,0.08730031,0.031742513,0.03114797,0.11855912,0.40104398,0.20121394,0.046965484,0.08202668
c.mp4,17,0,7.0,0.081902035,0.014654641,0.04318237,0.7023051,2.5055757,0.027406478,0.9235317,0.13037117,0.057956927,0.30721068,0.21077237,0.079451635,0.027800363,0.024341524,0.108776405,0.39659584,0.24278446,0.044645987,0.075603805
c.mp4,18,0,7.0,0.079457335,0.014388901,0.04189341,0.79828644,2.7525394,0.027406478,0.9235317,0.15716018,0.055202495,0.30721068,0.21077237,0.06890954,0.026082512,0.023440817,0.0949432,0.3941537,0.27491668,0.044469163,0.07308439
c.mp4,19,0,7.0,0.078570575,0.014608705,0.041425873,0.75981796,2.9368703,0.027406478,0.9235317,0.17564046,0.040273655,0.30721068,0.21077237,0.06368648,0.025703518,0.01911996,0.077986546,0.40183452,0.29844034,0.044290096,0.06893853
d.mp4,0,0,1.0,0.004113301,0.0014885104,0.0026346366,0.5402983,2.71984,0.0,10.0,1.3880894,1.4152874,6.908519,5.4573045,0.4683206,0.015759649,0.0070205755,0.009809518,0.017588085,0.003465927,0.011828898,0.46620673
d.mp4,1,0,3.0,0.0039250124,0.0011800647,0.0025953373,0.11641133,2.7849028,0.0,2.1734254,1.5962392,2.0911837,9.685078,9.724029,0.41830656,0.025181964,0.015983,0.024312112,0.031211335,0.011349757,0.02167476,0.4519805
d.mp4,2,1,3.0,0.45381176,0.030572888,0.28729165,0.3192029,2.9863162,0.36580148,0.58955485,1.3061763,2.1941767,9.685078,9.724029,0.15379103,0.054566324,0.059969142,0.18475068,0.19507293,0.053161446,0.047115717,0.25157276
d.mp4,3,1,3.0,0.4359373,0.038207375,0.27597597,0.89916813,2.3475966,0.5313045,0.4176416,0.8378762,1.6869824,9.685078,9.724029,0.13530672,0.063478954,0.06503578,0.211929,0.2223307,0.07809202,0.071286835,0.15254
d.mp4,4,1,3.0,0.4276681,0.031586535,0.27074105,0.7056121,3.0582218,0.5313045,0.4176416,0.5881683,0.42735896,1.5264071,1.3501093,0.11629493,0.057340786,0.059012357,0.21360655,0.23193842,0.098018505,0.09090808,0.13288037
d.mp4,5,1,3.0,0.41870764,0.025549734,0.2650685,0.77523214,2.9589632,0.5313045,0.4176416,0.4861041,0.39827913,1.3917223,1.5211198,0.12402132,0.063378386,0.065674976,0.19546066,0.1893463,0.11505842,0.10321469,0.14384525
d.mp4,6,1,3.0,0.4054343,0.024411818,0.25666565,0.9648404,2.746363,0.5313045,0.4176416,0.4072529,0.40543327,1.3917223,1.5211198,0.15050495,0.07935154,0.077524066,0.11524184,0.12654729,0.14265065,0.13786231,0.17031735
d.mp4,7,1,3.0,0.1525802,0.012540585,0.105897166,0.9889674,2.4617598,0.5313045,0.4176416,0.34105587,0.39848685,1.3917223,1.5211198,0.098683745,0.07444811,0.06986235,0.14044073,0.15667087,0.16486418,0.16312301,0.131907
d.mp4,8,1,3.0,0.15175965,0.008425189,0.105327666,0.9901008,2.9958692,0.5313045,0.4176416,0.30871975,0.39050782,1.3917223,1.5211198,0.095971726,0.062449794,0.060773697,0.1494722,0.15862125,0.16000643,0.17767926,0.13502564
d.mp4,9,1,3.0,0.053952523,0.0029565925,0.03151538,0.95556045,1.4667163,0.50297236,0.45902097,0.2610963,0.3462952,1.3917223,1.5211198,0.101986304,0.0664463,0.06194538,0.15250477,0.15677449,0.16180666,0.16738977,0.13114633
d.mp4,10,1,2.0,0.0055705956,0.00088552287,0.0032070884,0.7943626,2.5114217,0.0,1.2309189,0.1750551,0.21611528,0.9585538,1.5211198,0.105778076,0.075239204,0.08376406,0.17765036,0.15651841,0.13697849,0.13783367,0.12623772
d.mp4,11,1,2.0,0.003172653,0.00056674937,0.0017513043,0.0,2.6814451,0.0014738106,1.2276652,0.13604888,0.17144491,0.5513607,0.6366079,0.10478388,0.07377975,0.08223652,0.18121053,0.1626882,0.13035454,0.14080864,0.12413793
d.mp4,12,1,2.0,0.0016903005,0.00044417998,0.0010890238,0.0,0.0,0.0026129,1.2252586,0.110661045,0.15248267,0.48267516,0.44999617,0.09871432,0.08095046,0.09224556,0.19252154,0.16036618,0.13098411,0.12578756,0.118430264
d.mp4,13,1,2.0,0.0016857727,0.00041734375,0.0010861066,0.0,3.1288962,0.0026129,1.2252586,0.10651524,0.15499003,0.48267516,0.44999617,0.104893215,0.0886352,0.100683786,0.1686539,0.14209957,0.13740925,0.12656619,0.13105889
d.mp4,14,1,2.0,0.0016827008,0.000375753,0.0010841275,0.0,3.0168943,0.0026129,1.2252586,0.097099096,0.15577418,0.48267516,0.44999617,0.116693236,0.09491448,0.102732986,0.15438211,0.13699213,0.1394247,0.12347012,0.13139024
d.mp4,15,1,2.0,0.0016810228,0.00031811354,0.0010830464,0.0,0.0,0.0026129,1.2252586,0.081469685,0.1476153,0.4462732,0.44602826,0.1226599,0.08880223,0.102790765,0.15760913,0.13143665,0.13582186,0.12580211,0.13507733
d.mp4,16,1,2.0,0.0016793251,0.00030493172,0.0010433558,0.0,2.231009,0.0030987042,1.2242321,0.084172495,0.15255962,0.4462732,0.44602826,0.11744667,0.10052597,0.10221679,0.14399447,0.13855387,0.1404194,0.1231493,0.13369355
d.mp4,17,1,2.0,0.001348467,0.0003292874,0.00083148596,0.0,3.0779245,0.0030987042,1.2242321,0.09092328,0.15368052,0.4462732,0.44602826,0.1251318,0.10475598,0.09975193,0.13562752,0.13254341,0.13828497,0.12535733,0.13854706
d.mp4,18,0,2.0,0.0014880198,0.00034161189,0.00083163945,0.0,0.0,0.0035495476,1.2242321,0.091045104,0.15402983,0.44721168,0.44703537,0.10941332,0.100065485,0.10643434,0.115769334,0.15274335,0.14250953,0.13219866,0.14086595
d.mp4,19,0,2.0,0.0014878121,0.00031745687,0.0009234562,0.0,0.0,0.0035495476,1.2244506,0.09005734,0.15451863,0.44721168,0.44703537,0.11650674,0.097470306,0.10235523,0.11316513,0.13934107,0.1428303,0.14117962,0.14715157
d.mp4,20,0,2.0,0.0014877891,0.00030791614,0.00092344196,0.0,2.250433,0.0035495476,1.2244506,0.07606996,0.14233884,0.44721168,0.44703537,0.10443787,0.10044723,0.11313472,0.1327508,0.14643595,0.1352759,0.13428512,0.13323241
d.mp4,21,0,2.0,0.0014879374,0.00032692097,0.000923534,0.0,0.0,0.003492432,1.2244796,0.077969976,0.1464932,0.44721168,0.44703537,0.10497766,0.09006569,0.101921394,0.12736371,0.13850243,0.15971524,0.14693975,0.13051413
d.mp4,22,0,2.0,0.0014878688,0.0003703074,0.00092349143,0.0,0.0,0.0036958857,1.2240644,0.08971104,0.15372436,0.44721168,0.44703537,0.10239655,0.090329684,0.10769727,0.13234283,0.12595533,0.16076763,0.14924064,0.13127007
d.mp4,23,0,2.0,0.0014882088,0.0003608445,0.0009237024,0.0,3.0160658,0.0036958857,1.2240644,0.089838825,0.15386263,0.44721168,0.44703537,0.10906868,0.08975778,0.10188259,0.12755987,0.12434253,0.15719223,0.15499952,0.1351968
d.mp4,24,0,2.0,0.0014164022,0.00033845188,0.0009028132,0.0,2.9086757,0.0036958857,1.2240644,0.07507139,0.13969949,0.41694546,0.4461788,0.1067268,0.08939462,0.09581266,0.14039896,0.1326765,0.15354033,0.15681526,0.12463486
d.mp4,25,0,2.0,0.0013740385,0.000329059,0.0008427814,0.0,0.0,0.0036958857,1.2238773,0.07963499,0.1483609,0.45088822,0.45047548,0.10449915,0.07605063,0.08901655,0.14398749,0.12951156,0.16348335,0.15981236,0.13363892
d.mp4,26,0,2.0,0.002206974,0.00036924533,0.0008405771,0.0,2.7615688,0.0036958857,1.2238773,0.09073513,0.154253,0.45088822,0.45047548,0.108222455,0.08439659,0.09242516,0.13929069,0.119928844,0.16014498,0.1601583,0.13543297
d.mp4,27,0,2.0,0.0022069567,0.00037905385,0.0013753062,0.0,2.8499143,0.0036958857,1.2238773,0.09085078,0.15446638,0.45088822,0.45047548,0.107659556,0.08941803,0.10381659,0.14905936,0.12578806,0.14500289,0.14897773,0.1302778
d.mp4,28,0,2.0,0.0022071307,0.00039715282,0.0013754145,0.0,0.0,0.0039669746,1.2238678,0.08239068,0.1523466,0.45088822,0.45047548,0.11744525,0.088537045,0.09414262,0.14564143,0.123348586,0.14181592,0.1548395,0.13422962
d.mp4,29,0,2.0,0.0022077435,0.00038435872,0.0013757964,0.0,3.1185555,0.0039669746,1.2238678,0.077388786,0.14385387,0.45088822,0.45047548,0.11146655,0.08896793,0.09476312,0.14354216,0.11952685,0.1468802,0.1511587,0.14369449
d.mp4,30,0,2.0,0.0022073735,0.00037588258,0.0013755659,0.0,3.1188836,0.0039669746,1.2238678,0.090773985,0.15448236,0.45088822,0.45047548,0.11058316,0.08934123,0.1052906,0.13840167,0.119884245,0.14067642,0.15361452,0.14220814
d.mp4,31,0,2.0,0.0022075658,0.00034798725,0.0013756857,0.0,0.0,0.0039669746,1.2238678,0.09001519,0.15409185,0.4424761,0.44232178,0.11040425,0.08942664,0.10927685,0.13839453,0.121309124,0.14097144,0.15019864,0.14001852
d.mp4,32,0,2.0,0.001943234,0.00029469532,0.0012174158,0.0,0.0,0.0039669746,1.2238678,0.08269046,0.1529316,0.4424761,0.44232178,0.1143612,0.0877594,0.10347864,0.13618922,0.1240905,0.13873337,0.15088801,0.14449966
d.mp4,33,0,2.0,0.0015653211,0.00028153462,0.0009803085,0.0,2.8051856,0.0039669746,1.2238678,0.075660154,0.14170003,0.4424761,0.44232178,0.12159787,0.09040869,0.10387922,0.14216313,0.122556426,0.12561361,0.14347024,0.1503108
d.mp4,34,0,2.0,0.0015655749,0.0003395988,0.0009804674,0.0,0.0,0.0038928094,1.2238876,0.08964561,0.15375637,0.4424761,0.44232178,0.1131784,0.084585816,0.10051839,0.1311916,0.120259546,0.15091865,0.1503403,0.1490073
d.mp4,35,0,2.0,0.001565381,0.00034235232,0.000980346,0.0,0.0,0.0037484628,1.2241594,0.08951978,0.15361942,0.4424761,0.44232178,0.122593984,0.08962845,0.10183309,0.12761137,0.11963694,0.1442858,0.14664732,0.14776306
d.mp4,36,0,2.0,0.0015656787,0.00033065546,0.0009805325,0.0,3.0645933,0.0037484628,1.2241594,0.080942035,0.15128532,0.4424761,0.44232178,0.1301924,0.09467069,0.10169349,0.12584798,0.11748951,0.14982672,0.13566864,0.14461058
d.mp4,37,0,2.0,0.001565379,0.00033434542,0.0009803447,0.0,0.0,0.0037484628,1.2237551,0.07553774,0.13994157,0.42048162,0.42032,0.12566358,0.09443298,0.103941716,0.11931997,0.12258525,0.14598984,0.14478122,0.14328545
d.mp4,38,0,2.0,0.0015652268,0.00036102792,0.0009802494,0.0,0.0,0.0037484628,1.2237551,0.090359904,0.15408668,0.447655,0.44750932,0.12217891,0.09252907,0.10599623,0.120158516,0.11921003,0.16125512,0.14103164,0.13764049
d.mp4,39,0,2.0,0.0011264057,0.00029960394,0.00070307386,0.0,2.8952112,0.0037484628,1.2237551,0.090423405,0.15408899,0.447655,0.44750932,0.11708446,0.09602443,0.11413681,0.11971853,0.1192168,0.1566206,0.14355688,0.13364148
d.mp4,40,0,2.0,0.0013005409,0.00029857736,0.0008055534,0.0,2.7573087,0.0037484628,1.2237551,0.07842615,0.14638424,0.447655,0.44750932,0.116637655,0.09586282,0.114426754,0.12973152,0.13269208,0.14293338,0.13450909,0.1332067
d.mp4,41,0,2.0,0.001300356,0.00032756204,0.0008054389,0.0,0.0,0.0036940677,1.2237551,0.081700645,0.1513866,0.447655,0.44750932,0.10888249,0.09069373,0.112468906,0.1324081,0.13189481,0.15488741,0.14205524,0.12670931
d.mp4,42,0,2.0,0.001300572,0.00030685062,0.00080557266,0.0,2.9308002,0.0036940677,1.2237551,0.090185195,0.15365484,0.447655,0.44750932,0.10344435,0.09065591,0.11161002,0.12526366,0.13128844,0.15546335,0.14598411,0.13629015
d.mp4,43,0,2.0,0.0013001059,0.00027773815,0.00080528395,0.0,2.669483,0.0036940677,1.2243123,0.0895507,0.15369749,0.447655,0.44750932,0.11469924,0.093002394,0.10916533,0.12894332,0.1284194,0.15042405,0.1441632,0.13118307
d.mp4,44,0,2.0,0.0014714557,0.0002800615,0.0008964053,0.0,0.0,0.0036940677,1.2239577,0.078614846,0.14781226,0.44439515,0.44424957,0.12009004,0.08456659,0.101377286,0.118229024,0.13120139,0.15256882,0.15257566,0.1393912
d.mp4,45,0,2.0,0.001471161,0.00028311604,0.00089622586,0.0,0.0,0.0036940677,1.2238032,0.082352765,0.15251005,0.44439515,0.44424957,0.122132465,0.08474753,0.09652034,0.10776435,0.127998,0.15452857,0.15274037,0.15356837
d.mp4,46,0,2.0,0.0015113157,0.00032671064,0.0008962969,0.0,2.904057,0.0036940677,1.2238032,0.089684375,0.15355784,0.44439515,0.44424957,0.11244269,0.0853436,0.10000741,0.11844825,0.13136828,0.1560638,0.14944556,0.1468804
d.mp4,47,0,2.0,0.0015118404,0.00035312996,0.00091317337,0.0,0.0,0.003391448,1.2238032,0.08970939,0.15351006,0.44439515,0.44424957,0.11627744,0.09428433,0.10285275,0.117135555,0.125526,0.15221648,0.14330481,0.14840265
d.mp4,48,0,2.0,0.0015109343,0.000340757,0.0009126261,0.0,0.0,0.003391448,1.2238032,0.06754202,0.13886645,0.44439515,0.44424957,0.12193165,0.09743327,0.10242701,0.1229968,0.12641357,0.14622253,0.13935441,0.14322075
d.mp4,49,0,2.0,0.0015101113,0.00032559512,0.00091212895,0.0,2.9615755,0.003391448,1.2238032,0.059189323,0.13442662,0.44439515,0.44424957,0.1199629,0.10683769,0.0979626,0.12744033,0.12883799,0.13732553,0.14041308,0.1412199
d.mp4,50,0,2.0,0.001509388,0.0002672171,0.0009116921,0.0,0.0,0.003391448,1.2238032,0.04436998,0.11411524,0.4137318,0.4135305,0.11817407,0.11146362,0.10274076,0.13218938,0.12783511,0.1251137,0.13990963,0.14257374
d.mp4,51,0,2.0,0.0015089663,0.00016606985,0.0009114374,0.0,0.0,0.0031621342,1.225491,0.033579364,0.10187959,0.4137318,0.4135305,0.11590452,0.10945159,0.09337245,0.13645107,0.13115045,0.1335437,0.14849712,0.1316291
d.mp4,52,0,2.0,0.0013735581,8.4368214e-05,0.0008739554,0.0,0.0,0.0031621342,1.225491,0.012408292,0.0634468,0.35392,0.41296002,0.1332646,0.12574778,0.09980459,0.12764198,0.113735266,0.11426277,0.15014446,0.13539855
d.mp4,53,0,2.0,0.00026866302,1.6533168e-05,0.00015235806,0.0,0.0,0.003008607,1.225622,0.0005656143,0.0019459436,0.011034478,0.010893862,0.13463973,0.12485112,0.09371743,0.14351645,0.13013622,0.08755769,0.1565431,0.12903826
d.mp4,54,0,2.0,0.000116313066,5.8677942e-06,7.3837866e-05,0.0,0.0,0.0026327185,1.2261337,0.00055413716,0.0019478558,0.011034478,0.010893862,0.13652296,0.12764488,0.07928873,0.14696175,0.1276193,0.08729692,0.157989,0.13667648
d.mp4,55,0,2.0,2.4132296e-06,7.6826535e-07,7.021196e-07,0.0,0.0,0.002489787,1.2263083,0.00017589606,0.0,0.00017589606,0.0,0.0,0.0,0.0,0.0,0.0,0.0,0.0,0.0
d.mp4,56,0,2.0,1.4906379e-06,4.4308533e-07,7.021196e-07,0.0,0.0,0.0024008828,1.2264217,0.00017589606,0.0,0.00017589606,0.0,0.0,0.0,0.0,0.0,0.0,0.0,0.0,0.0
d.mp4,57,0,2.0,9.715903e-07,2.571398e-07,7.021196e-07,0.0,0.0,0.002347227,1.2264898,0.00017589606,0.0,0.00017589606,0.0,0.0,0.0,0.0,0.0,0.0,0.0,0.0,0.0
d.mp4,58,0,2.0,5.050356e-07,1.5141963e-07,5.050356e-07,0.0,0.0,0.0023150279,1.2265303,0.00017589606,0.0,0.00017589606,0.0,0.0,0.0,0.0,0.0,0.0,0.0,0.0,0.0
d.mp4,59,0,2.0,5.0504224e-07,9.01497e-08,5.0504224e-07,0.0,0.0,0.002295425,1.2265549,0.00017589606,0.0,0.00017589606,0.0,0.0,0.0,0.0,0.0,0.0,0.0,0.0,0.0
d.mp4,60,0,2.0,5.050463e-07,5.815448e-08,5.050463e-07,0.0,0.0,0.002283476,1.2265699,0.00017589606,0.0,0.00017589606,0.0,0.0,0.0,0.0,0.0,0.0,0.0,0.0,0.0
d.mp4,61,0,2.0,6.9173744e-05,2.6189655e-06,2.7719572e-05,0.0,0.0,0.002276475,1.2265787,0.00021264196,0.00013461053,0.0007896226,0.00061514333,0.0728592,0.063336104,0.034388933,0.16295065,0.17164235,0.12568967,0.22779836,0.14133474
d.mp4,62,0,2.0,6.91737e-05,2.6262326e-06,2.7719554e-05,0.0,0.0,0.002272087,1.2265841,0.00021264196,0.00013461053,0.0007896226,0.00061514333,0.0728592,0.063336104,0.034388933,0.16295065,0.17164235,0.12568967,0.22779836,0.14133474
d.mp4,63,0,2.0,6.917367e-05,2.622338e-06,2.7719545e-05,0.0,0.0,0.0022694727,1.2265855,0.00021264196,0.00013461053,0.0007896226,0.00061514333,0.0728592,0.063336104,0.034388933,0.16295065,0.17164235,0.12568967,0.22779836,0.14133474
d.mp4,64,0,2.0,6.9173664e-05,2.6223377e-06,2.771954e-05,0.0,0.0,0.0022692534,1.2265855,0.00021264196,0.00013461053,0.0007896226,0.00061514333,0.0728592,0.063336104,0.034388933,0.16295065,0.17164235,0.12568967,0.22779836,0.14133474
d.mp4,65,0,2.0,6.917366e-05,2.6223377e-06,2.7719538e-05,0.0,0.0,0.0022692534,1.2265855,0.00021264196,0.00013461053,0.0007896226,0.00061514333,0.0728592,0.063336104,0.034388933,0.16295065,0.17164235,0.12568967,0.22779836,0.14133474
d.mp4,66,0,2.0,4.387211e-05,1.3877462e-06,2.7719538e-05,0.0,0.0,0.0022692534,1.2265855,0.00021264196,0.00013461053,0.0007896226,0.00061514333,0.0728592,0.063336104,0.034388933,0.16295065,0.17164235,0.12568967,0.22779836,0.14133474
d.mp4,67,0,2.0,2.4102167e-07,8.311092e-09,2.4102167e-07,0.0,0.0,0.0022670445,1.22659,0.00017589606,0.0,0.00017589606,0.0,0.0,0.0,0.0,0.0,0.0,0.0,0.0,0.0
d.mp4,68,0,2.0,2.4102184e-07,4.155549e-09,2.4102184e-07,0.0,0.0,0.0022661122,1.2265913,0.00017589606,0.0,0.00017589606,0.0,0.0,0.0,0.0,0.0,0.0,0.0,0.0,0.0
d.mp4,69,0,2.0,0.0,0.0,-0.0,0.0,0.0,0.0022657388,1.2265917,0.00017589606,0.0,0.00017589606,0.0,0.0,0.0,0.0,0.0,0.0,0.0,0.0,0.0
d.mp4,70,0,2.0,0.0,0.0,-0.0,0.0,0.0,0.0022655516,1.2265923,0.00017589606,0.0,0.00017589606,0.0,0.0,0.0,0.0,0.0,0.0,0.0,0.0,0.0
d.mp4,71,0,2.0,0.0,0.0,-0.0,0.0,0.0,0.0022653646,1.2265924,0.00017589606,0.0,0.00017589606,0.0,0.0,0.0,0.0,0.0,0.0,0.0,0.0,0.0
d.mp4,72,0,2.0,0.0,0.0,-0.0,0.0,0.0,0.0022651777,1.2265927,0.00017589606,0.0,0.00017589606,0.0,0.0,0.0,0.0,0.0,0.0,0.0,0.0,0.0
d.mp4,73,0,2.0,6.941482e-05,2.594073e-06,2.7960583e-05,0.0,0.0,0.002268039,1.2265869,0.00021264196,0.00013461053,0.0007896226,0.00061514333,0.0728592,0.063336104,0.034388933,0.16295065,0.17164235,0.12568967,0.22779836,0.14133474
d.mp4,74,0,2.0,6.9414775e-05,2.624871e-06,2.7960567e-05,0.0,0.0,0.002268039,1.2265869,0.00021264196,0.00013461053,0.0007896226,0.00061514333,0.0728592,0.063336104,0.034388933,0.16295065,0.17164235,0.12568967,0.22779836,0.14133474
d.mp4,75,0,2.0,6.941475e-05,2.6290256e-06,2.7960556e-05,0.0,0.0,0.002268039,1.2265869,0.00021264196,0.00013461053,0.0007896226,0.00061514333,0.0728592,0.063336104,0.034388933,0.16295065,0.17164235,0.12568967,0.22779836,0.14133474
d.mp4,76,0,2.0,6.941474e-05,2.6290254e-06,2.7960552e-05,0.0,0.0,0.002268039,1.2265869,0.00021264196,0.00013461053,0.0007896226,0.00061514333,0.0728592,0.063336104,0.034388933,0.16295065,0.17164235,0.12568967,0.22779836,0.14133474
d.mp4,77,0,2.0,6.941473e-05,2.6290252e-06,2.796055e-05,0.0,0.0,0.002268039,1.2265869,0.00021264196,0.00013461053,0.0007896226,0.00061514333,0.0728592,0.063336104,0.034388933,0.16295065,0.17164235,0.12568967,0.22779836,0.14133474
d.mp4,78,0,2.0,4.4113138e-05,1.3938657e-06,2.7960548e-05,0.0,0.0,0.002268039,1.2265869,0.00021264196,0.00013461053,0.0007896226,0.00061514333,0.0728592,0.063336104,0.034388933,0.16295065,0.17164235,0.12568967,0.22779836,0.14133474
d.mp4,79,0,2.0,2.6947063e-07,1.2695845e-08,2.6947063e-07,0.0,0.0,0.002266017,1.2265912,0.00017589606,0.0,0.00017589606,0.0,0.0,0.0,0.0,0.0,0.0,0.0,0.0,0.0
d.mp4,80,0,2.0,2.4102204e-07,4.1555523e-09,2.4102204e-07,0.0,0.0,0.0022653653,1.2265923,0.00017589606,0.0,0.00017589606,0.0,0.0,0.0,0.0,0.0,0.0,0.0,0.0,0.0
d.mp4,81,0,2.0,0.0,0.0,-0.0,0.0,0.0,0.002265085,1.2265927,0.00017589606,0.0,0.00017589606,0.0,0.0,0.0,0.0,0.0,0.0,0.0,0.0,0.0
d.mp4,82,0,2.0,0.0,0.0,-0.0,0.0,0.0,0.0022648973,1.226593,0.00017589606,0.0,0.00017589606,0.0,0.0,0.0,0.0,0.0,0.0,0.0,0.0,0.0
d.mp4,83,0,2.0,0.0,0.0,-0.0,0.0,0.0,0.0022648042,1.2265931,0.00017589606,0.0,0.00017589606,0.0,0.0,0.0,0.0,0.0,0.0,0.0,0.0,0.0
d.mp4,84,0,2.0,0.0,0.0,-0.0,0.0,0.0,0.0022647108,1.2265934,0.00017589606,0.0,0.00017589606,0.0,0.0,0.0,0.0,0.0,0.0,0.0,0.0,0.0
d.mp4,85,0,2.0,6.941488e-05,2.5911816e-06,2.795565e-05,0.0,0.0,0.0022674785,1.2265878,0.00021264196,0.00013461053,0.0007896226,0.00061514333,0.0728592,0.063336104,0.034388933,0.16295065,0.17164235,0.12568967,0.22779836,0.14133474
d.mp4,86,0,2.0,6.941483e-05,2.6212858e-06,2.7955633e-05,0.0,0.0,0.0022674785,1.2265878,0.00021264196,0.00013461053,0.0007896226,0.00061514333,0.0728592,0.063336104,0.034388933,0.16295065,0.17164235,0.12568967,0.22779836,0.14133474
d.mp4,87,0,2.0,6.941481e-05,2.6254406e-06,2.7955622e-05,0.0,0.0,0.0022674785,1.2265878,0.00021264196,0.00013461053,0.0007896226,0.00061514333,0.0728592,0.063336104,0.034388933,0.16295065,0.17164235,0.12568967,0.22779836,0.14133474
d.mp4,88,0,2.0,6.94148e-05,2.6254402e-06,2.7955619e-05,0.0,0.0,0.0022674785,1.2265878,0.00021264196,0.00013461053,0.0007896226,0.00061514333,0.0728592,0.063336104,0.034388933,0.16295065,0.17164235,0.12568967,0.22779836,0.14133474
d.mp4,89,0,2.0,6.94148e-05,2.6254402e-06,2.7955617e-05,0.0,0.0,0.0022674785,1.2265878,0.00021264196,0.00013461053,0.0007896226,0.00061514333,0.0728592,0.063336104,0.034388933,0.16295065,0.17164235,0.12568967,0.22779836,0.14133474
d.mp4,90,0,2.0,4.4111366e-05,1.3902795e-06,2.7955617e-05,0.0,0.0,0.0022674785,1.2265878,0.00021264196,0.00013461053,0.0007896226,0.00061514333,0.0728592,0.063336104,0.034388933,0.16295065,0.17164235,0.12568967,0.22779836,0.14133474
d.mp4,91,0,2.0,2.694709e-07,8.801603e-09,2.694709e-07,0.0,0.0,0.0022653628,1.2265921,0.00017589606,0.0,0.00017589606,0.0,0.0,0.0,0.0,0.0,0.0,0.0,0.0,0.0
d.mp4,92,0,2.0,2.4102226e-07,4.1555563e-09,2.4102226e-07,0.0,0.0,0.0022648047,1.2265929,0.00017589606,0.0,0.00017589606,0.0,0.0,0.0,0.0,0.0,0.0,0.0,0.0,0.0
d.mp4,93,0,2.0,0.0,0.0,-0.0,0.0,0.0,0.0022646184,1.2265935,0.00017589606,0.0,0.00017589606,0.0,0.0,0.0,0.0,0.0,0.0,0.0,0.0,0.0
d.mp4,94,0,2.0,1.6443325e-06,1.1039242e-07,4.9263514e-07,0.0,0.0,0.0022643374,1.2265937,0.00017589606,0.0,0.00017589606,0.0,0.0,0.0,0.0,0.0,0.0,0.0,0.0,0.0
d.mp4,95,0,2.0,1.6443323e-06,2.659265e-07,4.926351e-07,0.0,0.0,0.0022642438,1.2265939,0.00017589606,0.0,0.00017589606,0.0,0.0,0.0,0.0,0.0,0.0,0.0,0.0,0.0
d.mp4,96,0,2.0,1.6443321e-06,4.256162e-07,4.9263497e-07,0.0,0.0,0.0022640573,1.2265941,0.00017589606,0.0,0.00017589606,0.0,0.0,0.0,0.0,0.0,0.0,0.0,0.0,0.0
d.mp4,97,0,2.0,0.0003350207,1.5950462e-05,0.00019406623,0.0,0.0,0.0026067158,1.2256293,0.00079411373,0.003090687,0.01740402,0.017244037,0.13027619,0.11738451,0.12934726,0.16229014,0.14552416,0.09570202,0.10240841,0.117067315
d.mp4,98,0,2.0,0.00033500383,1.6159891e-05,0.00019405645,0.0,0.0,0.0026067158,1.2256293,0.0007976252,0.0030899947,0.01740402,0.017244037,0.13027619,0.11738451,0.12934726,0.16229014,0.14552416,0.09570202,0.10240841,0.117067315
d.mp4,99,0,2.0,0.00033499295,1.6339412e-05,0.00019405015,0.0,0.0,0.0026067158,1.2256293,0.0008011367,0.003089298,0.01740402,0.017244037,0.13027619,0.11738451,0.12934726,0.16229014,0.14552416,0.09570202,0.10240841,0.117067315
d.mp4,100,0,2.0,0.00033498564,1.6288748e-05,0.0001940459,0.0,0.0,0.0026067158,1.2256293,0.0008046482,0.0030885972,0.01740402,0.017244037,0.13027619,0.11738451,0.12934726,0.16229014,0.14552416,0.09570202,0.10240841,0.117067315
d.mp4,101,0,2.0,0.00033498046,1.6190716e-05,0.00019404292,0.0,0.0,0.0026067158,1.2256293,0.0008081597,0.0030878922,0.01740402,0.017244037,0.13027619,0.11738451,0.12934726,0.16229014,0.14552416,0.09570202,0.10240841,0.117067315
d.mp4,102,0,2.0,0.00014093592,6.4526266e-06,9.014037e-05,0.0,0.0,0.0026067158,1.2256293,0.0008116712,0.0030871832,0.01740402,0.017244037,0.13027619,0.11738451,0.12934726,0.16229014,0.14552416,0.09570202,0.10240841,0.117067315
e.mp4,0,1,3.0,0.094829544,0.021547664,0.05206302,0.33746725,3.0786316,0.9625659,0.00983445,0.78917176,0.33742508,1.3493674,1.099266,0.54006946,0.033810344,0.009974025,0.0927211,0.08810478,0.004813667,0.0061497595,0.22435689
e.mp4,1,1,3.0,0.12502125,0.026128361,0.05072577,0.29431975,2.4566329,0.9625659,0.00983445,0.8381797,0.31326067,1.3493674,1.099266,0.548037,0.046200108,0.012451463,0.07647374,0.07214632,0.005305338,0.006074076,0.23331198
e.mp4,2,1,3.0,0.12580206,0.02819389,0.04950886,0.289083,2.9051125,0.9625659,0.00983445,0.84781545,0.31532902,1.3493674,1.099266,0.5431477,0.07180992,0.021130204,0.08749113,0.05850752,0.0051724445,0.005464355,0.20727676
e.mp4,3,1,4.0,0.1256969,0.031582475,0.04950053,0.847095,1.8657852,0.9625659,0.00983445,0.80726576,0.29669738,1.3493674,1.099266,0.5542173,0.08445352,0.028078146,0.09575529,0.04542364,0.005328552,0.0052681146,0.18147548
e.mp4,4,1,3.0,0.12620655,0.028197104,0.04539153,0.68441826,1.8353517,0.011846145,1.652539,0.78318274,0.29313228,1.3493674,1.099266,0.5471745,0.08749116,0.02910677,0.11427242,0.04390457,0.0052822167,0.0071782144,0.16559014
e.mp4,5,1,3.0,0.12677068,0.026353331,0.04559442,0.29816568,1.4150157,0.011846145,1.652539,0.72896993,0.26743385,1.1896539,1.099266,0.51558095,0.08843229,0.029819163,0.14266792,0.049948853,0.0071559637,0.009473997,0.15692087
e.mp4,6,1,2.0,0.082549945,0.02031296,0.04585859,0.37119794,2.1500158,0.011846145,1.652539,0.74685246,0.27042302,1.2067498,0.9535922,0.4955122,0.08864702,0.033194356,0.15529773,0.053302497,0.009397953,0.012925855,0.15172239
e.mp4,7,1,2.0,0.058604162,0.01790501,0.029520577,-0.24865751,2.7007532,0.011846145,1.652539,0.7471089,0.27718043,1.2067498,0.9535922,0.5043302,0.082623005,0.031153731,0.15005891,0.052849922,0.00920211,0.01562531,0.1541568
e.mp4,8,1,2.0,0.052026555,0.010248745,0.02409687,-1.3383397,2.7007532,0.011846145,1.652539,0.7411352,0.2710026,1.2067498,0.9535922,0.51940334,0.06983774,0.027507542,0.12559192,0.051214345,0.010025009,0.019777155,0.17664297
e.mp4,9,1,2.0,0.05179446,0.010345684,0.023989372,-1.7655611,2.2252066,0.011846145,1.652539,0.65997833,0.31413537,1.2067498,0.9535922,0.46315566,0.06467929,0.029425198,0.15410516,0.064698145,0.012713764,0.024048878,0.18717393
e.mp4,10,1,2.0,0.050954796,0.011328042,0.023600468,-2.5441284,1.7648466,0.0,10.0,0.5964365,0.31007287,1.2067498,0.79105604,0.38547525,0.058862925,0.034960166,0.22821595,0.09179757,0.014485838,0.02415262,0.16204968
e.mp4,11,1,2.0,0.050867986,0.010992971,0.023560261,0.6740051,2.9496748,0.0,10.0,0.5201487,0.3232667,1.2067498,0.79105604,0.30954918,0.050894573,0.033677295,0.22608651,0.13410416,0.0256974,0.03616261,0.18382825
e.mp4,12,1,2.0,0.017425615,0.007921071,0.014337778,0.59986573,2.790945,0.0,10.0,0.66323483,0.84382135,4.7931595,4.487597,0.27848068,0.04264066,0.029190354,0.21500686,0.13724172,0.025106842,0.036459517,0.23587336
e.mp4,13,1,1.0,0.017425615,0.007921071,0.014337778,0.59986573,2.790945,0.0,10.0,0.6032814,0.8360793,4.7931595,4.487597,0.21426809,0.03546501,0.028194075,0.2151618,0.1504048,0.027745202,0.042371992,0.28638905
e.mp4,14,1,1.0,0.017425615,0.007921071,0.014337778,0.59986573,2.790945,0.0,10.0,0.6006992,0.8420492,4.7931595,4.487597,0.13152048,0.0259253,0.025311608,0.25972065,0.21457411,0.029114379,0.040806264,0.27302718
e.mp4,15,1,1.0,0.017425615,0.007921071,0.014337778,0.59986573,2.790945,0.0,10.0,0.6874235,0.845983,4.7931595,4.487597,0.09840539,0.015623409,0.019188164,0.30253625,0.2509816,0.02616174,0.036394704,0.25070873
e.mp4,16,1,1.0,0.007647741,0.005609006,0.00017576347,-0.8503258,2.9951046,0.0,10.0,0.6947625,0.84633476,4.7931595,4.487597,0.09647051,0.01148002,0.012494953,0.2428419,0.29939622,0.030019464,0.037439752,0.26985717
e.mp4,17,1,1.0,0.0,0.0,0.0,0.0,0.0,0.0,10.0,0.7724017,0.8452789,4.7931595,4.487597,0.15918462,0.01053206,0.0109388875,0.22214246,0.25910637,0.01635688,0.02269143,0.2990473
e.mp4,18,1,0.0,0.0,0.0,0.0,0.0,0.0,0.0,10.0,0.629361,0.36621937,1.5733469,1.1223738,0.13994509,0.010008507,0.010779508,0.2191068,0.26671067,0.01765084,0.024519756,0.31127885
e.mp4,19,1,1.0,0.0,0.0,0.0,0.0,0.0,0.0,10.0,0.6709127,0.36256903,1.5733469,1.1223738,0.13504095,0.009607127,0.010454192,0.24619938,0.30953395,0.017557772,0.017004825,0.2546018
e.mp4,20,1,1.0,0.03652618,0.030486073,0.017533878,0.2250676,0.08629863,0.0,10.0,0.77071434,0.42831165,1.8515997,1.2119547,0.1768376,0.00921476,0.011248032,0.23262592,0.26105976,0.018256087,0.01638712,0.27437073
e.mp4,21,1,1.0,0.048313558,0.032436553,0.015454246,-0.5233024,0.17915031,0.0,10.0,0.9721499,0.62447834,2.6601844,1.6622525,0.22822358,0.011855112,0.014758855,0.19729365,0.23669027,0.02026451,0.01793799,0.27297604
e.mp4,22,1,2.0,0.08657388,0.035555676,0.013697873,-1.0742613,0.2259266,0.94690543,0.0171432,1.7800692,1.9176809,8.4971285,3.4384735,0.23549986,0.01497214,0.019914014,0.26013598,0.18962479,0.014461418,0.014635147,0.25075665
e.mp4,23,1,2.0,0.070682794,0.03033652,0.02755477,-1.0740291,0.45317882,0.94690543,0.0171432,3.2862396,3.5013776,11.492122,6.581259,0.1745138,0.020649979,0.025993187,0.3692795,0.20143384,0.014231394,0.013457044,0.18044125
e.mp4,24,0,2.0,0.048741642,0.025048519,0.021350179,-0.2981134,2.625252,0.94690543,0.0171432,8.862111,3.768616,17.74662,11.014622,0.13961785,0.034032103,0.04208142,0.43001473,0.17831081,0.023627492,0.018135436,0.13418016
e.mp4,25,0,1.0,0.05017729,0.022352515,0.021979032,-0.51821053,2.0082085,0.0,10.0,8.518239,4.061901,17.74662,11.014622,0.15222946,0.030763878,0.036890052,0.3545324,0.16942945,0.024974868,0.019048208,0.21213171
e.mp4,26,0,1.0,0.056312993,0.021719474,0.016957842,0.4740642,0.25976023,0.0,10.0,7.2998137,4.5290046,17.74662,11.014622,0.15646166,0.025489269,0.032010224,0.27716985,0.18472071,0.025113517,0.019551761,0.27948302
e.mp4,27,0,2.0,0.06735756,0.023612116,0.020283753,0.91496277,0.124952465,0.9176535,0.0020711788,5.113577,3.2093723,13.642088,9.354438,0.15218796,0.020933714,0.027113043,0.20598881,0.2051601,0.026532108,0.019786913,0.34229735
e.mp4,28,0,3.0,0.07303762,0.021982808,0.02199422,0.8503101,2.617695,0.94970065,0.0020711788,3.5634286,2.3268735,8.180797,6.342076,0.14427611,0.017806334,0.024582196,0.19026592,0.20353259,0.023684531,0.019606976,0.37624535
e.mp4,29,0,4.0,0.11341853,0.032431763,0.02588108,0.81617785,2.9437735,0.95513564,0.0020711788,2.7403698,1.8071681,8.180797,4.558538,0.10680439,0.010180801,0.015637424,0.21880394,0.28874794,0.013126696,0.013029993,0.33366883
e.mp4,30,0,4.0,0.371673,0.04994431,0.032407824,0.375453,3.0700517,0.95513564,0.0020711788,2.3712323,1.4937538,6.7927847,5.360024,0.07605025,0.00828035,0.013274213,0.35167825,0.27570254,0.009457313,0.010922018,0.25463507
e.mp4,31,0,4.0,0.37697747,0.06431008,0.073637314,-1.2688774,2.3533063,0.95513564,0.0020711788,3.359048,3.0937617,13.853174,13.204539,0.065735,0.012204127,0.01838319,0.4193047,0.27830452,0.010324685,0.013395841,0.18234794
e.mp4,32,0,4.0,0.37697747,0.076505765,0.073637314,-1.530847,2.3533063,0.95513564,0.0020711788,4.7753105,4.2747674,14.491413,17.827353,0.06974414,0.016497103,0.022846732,0.44930738,0.2724479,0.014127838,0.016955161,0.13807374
e.mp4,33,0,4.0,0.37697747,0.14255396,0.073637314,-1.6792855,0.03828272,0.95513564,0.0032708645,5.4610643,4.1038356,14.491413,17.827353,0.05574263,0.015975667,0.021995952,0.5166977,0.27634323,0.015677296,0.01521695,0.08235055
e.mp4,34,0,3.0,0.39346892,0.16256712,0.07685869,-1.7872244,0.03306516,0.95513564,0.011667401,5.833451,3.7883604,14.491413,17.827353,0.049602956,0.012201923,0.0155969625,0.5411659,0.29057157,0.01441249,0.01425748,0.06219072
e.mp4,35,0,2.0,0.43039286,0.14113276,0.1506644,0.4562435,0.40187153,0.0,10.0,6.2419124,3.484654,14.491413,17.827353,0.06550737,0.014202286,0.017580964,0.5221877,0.25404492,0.01683769,0.016797654,0.09284142
e.mp4,36,0,2.0,0.1366373,0.044745304,0.12585269,0.85479987,0.4824652,0.0,10.0,6.3286505,3.2962196,14.491413,17.827353,0.10679462,0.018351803,0.021847647,0.4255488,0.2700122,0.018084161,0.016694622,0.12266615
e.mp4,37,0,1.0,0.117382236,0.037681248,0.1081174,0.45947772,0.6782948,0.0,10.0,6.1283727,3.0839806,14.491413,17.827353,0.10550999,0.018092595,0.018642517,0.46679187,0.25352836,0.015434338,0.0130483,0.10895202
e.mp4,38,0,1.0,0.10772514,0.03518571,0.09922253,0.47452933,0.6996762,0.0,10.0,5.298167,1.9686401,9.298751,5.8340707,0.10046889,0.014679797,0.014722198,0.47882038,0.25326315,0.012803525,0.011796487,0.11344556
e.mp4,39,0,1.0,0.10372966,0.032197602,0.09554241,0.25992882,3.119811,0.0,10.0,5.243265,1.9315265,9.298751,5.8340707,0.11496492,0.015651913,0.015664432,0.3833225,0.24652076,0.014793391,0.019665498,0.18941659
e.mp4,40,0,1.0,0.083469,0.027217759,0.03589455,-0.51717746,2.7877746,0.0,10.0,5.586505,1.7513915,9.298751,5.8340707,0.13068374,0.016178718,0.015261865,0.30888867,0.21020918,0.020017374,0.025486387,0.27327406
e.mp4,41,0,1.0,0.08242418,0.025071904,0.03544524,-0.26484132,3.1303375,0.0,10.0,5.3962436,1.9041841,9.298751,5.8340707,0.13919961,0.015442386,0.014173248,0.27973506,0.17962997,0.021066979,0.027547877,0.32320487
e.mp4,42,0,1.0,0.08749687,0.02733584,0.037626673,0.38584903,0.6814579,0.0,10.0,5.0308948,2.229786,9.298751,5.8340707,0.12606332,0.011431107,0.008457865,0.24107982,0.18538745,0.022631284,0.027585486,0.37736365
e.mp4,43,0,1.0,0.099568814,0.031211117,0.042818025,0.27954414,2.6468706,0.0,10.0,3.9426115,2.0131748,7.73116,4.880086,0.15877527,0.007720008,0.0064318045,0.14133015,0.20782284,0.023598641,0.028869404,0.42545187
e.mp4,44,0,2.0,0.057996746,0.03190091,0.0325142,0.44766325,3.004884,0.0,2.482674,3.1067128,1.9808125,6.841221,4.880086,0.23652685,0.0069905827,0.0047938162,0.0754734,0.18915176,0.02279696,0.027267104,0.43699953
e.mp4,45,0,3.0,0.09856475,0.042462815,0.06497542,0.2167717,2.7062607,0.85875314,0.0064844457,2.2667475,1.7434486,6.4578233,4.1877112,0.28177318,0.0074444013,0.005422985,0.07378361,0.16572934,0.024080887,0.025235161,0.41653043
e.mp4,46,0,4.0,0.10080312,0.04512887,0.06645099,0.5810112,0.4611551,0.92283225,0.0064844457,1.444783,1.0784359,4.2750716,2.597455,0.33077118,0.011170976,0.0070223776,0.08751586,0.15295659,0.017276274,0.019365396,0.37392133
e.mp4,47,0,4.0,0.10338029,0.04852106,0.068149894,0.54305726,0.35948604,0.92283225,0.0064844457,0.94147784,0.6929239,2.4143848,1.4518731,0.38047224,0.02057719,0.014580956,0.10311418,0.12650613,0.017265022,0.018162312,0.31932196
e.mp4,48,0,5.0,0.10585015,0.047625914,0.06977807,0.6506822,0.32341313,0.92283225,0.0064844457,0.6268724,0.44853637,1.8281672,1.4045191,0.41216847,0.03372653,0.023453154,0.11455339,0.108898975,0.01642671,0.018800536,0.27197224
f.mp4,0,1,5.0,0.2614544,0.029089727,0.14307334,0.3181213,2.9665418,0.58993137,0.28094274,0.8625084,0.6358467,2.317141,1.5582966,0.2793652,0.039141666,0.043435894,0.2996317,0.14954603,0.013800864,0.0076881764,0.16739047
f.mp4,1,1,6.0,0.25771013,0.03244952,0.1410244,0.9681079,3.061879,0.9948245,0.001951348,1.0056779,0.563101,2.317141,1.5582966,0.30595815,0.05015269,0.059836555,0.30701602,0.089166,0.012031547,0.006716764,0.16912226
f.mp4,2,1,6.0,0.25771013,0.03302978,0.1410244,0.18287964,0.2948357,0.9948245,0.001951348,1.1245018,0.44297698,2.317141,1.5582966,0.31521738,0.051434733,0.06729101,0.3271161,0.07124329,0.006433595,0.0039496724,0.15731423
f.mp4,3,1,6.0,0.25367087,0.031853843,0.13881402,-0.014104505,0.68154407,0.9948245,0.001951348,1.1494087,0.39352775,2.317141,1.5582966,0.2669487,0.050658084,0.07421687,0.386686,0.08874655,0.006142761,0.0037243324,0.12287671
f.mp4,4,1,7.0,0.24704336,0.028844176,0.1351873,0.5225202,1.6567053,0.9948245,0.0010203907,1.096349,0.40299755,2.317141,1.5582966,0.23467274,0.06257527,0.094765075,0.39917493,0.101220116,0.0069055934,0.004934702,0.09575158
f.mp4,5,1,7.0,0.110041246,0.022575358,0.08317176,0.39222097,0.8301355,0.9948245,0.0010203907,0.9378691,0.25338078,1.529878,0.8051239,0.19024165,0.104770295,0.13749897,0.40710062,0.08854324,0.0060522505,0.004267466,0.061525494
f.mp4,6,1,7.0,0.0722451,0.017764535,0.044438682,0.7570176,1.3569311,0.9948245,0.0010203907,0.8705674,0.20469475,1.4441578,0.6242798,0.1491134,0.16421412,0.17007922,0.391147,0.07802093,0.005278242,0.0036332805,0.038513824
f.mp4,7,1,7.0,0.04080455,0.015380177,0.01366363,0.30689767,0.61827296,0.9755041,0.0010203907,0.7520221,0.26939484,1.4441578,0.6242798,0.14966814,0.18436225,0.16651824,0.36584437,0.0846742,0.009382789,0.007181356,0.03236864
f.mp4,8,1,7.0,0.038795426,0.013925545,0.013653841,0.3669959,0.6498559,0.9755041,0.0010203907,0.63441914,0.3237257,1.4441578,0.6242798,0.1471149,0.18244137,0.15590577,0.32655412,0.10633428,0.018104726,0.013511471,0.05003337
f.mp4,9,1,6.0,0.13846652,0.01841766,0.09696568,0.7788493,2.9735568,0.9674058,0.0010203907,0.7433063,0.5213018,2.448363,2.8178158,0.15570366,0.1881157,0.15545048,0.2755897,0.109294794,0.027296506,0.018730799,0.06981836
f.mp4,10,1,5.0,0.13846652,0.017765375,0.09696568,0.7788493,2.9735568,0.9674058,0.004647601,0.7037052,0.5535157,2.448363,2.8178158,0.15957446,0.18990493,0.14330265,0.24579905,0.11929248,0.03456141,0.023609709,0.0839553
f.mp4,11,1,6.0,0.13846652,0.019719169,0.09696568,0.7788493,3.0528784,0.94588417,0.008792379,0.65056235,0.5558996,2.448363,2.8178158,0.16647367,0.15769069,0.10054018,0.20590848,0.14654534,0.054842975,0.039791267,0.1282074
f.mp4,12,1,6.0,0.3206917,0.08389595,0.09696568,0.7788493,2.9735568,0.93489283,0.01463941,0.54305583,0.5548733,2.448363,2.8178158,0.1917887,0.083689705,0.051800177,0.1671835,0.18325728,0.07041355,0.052858543,0.19900852
f.mp4,13,1,6.0,0.3412537,0.1616503,0.055788852,0.42885455,0.4664418,0.40675792,0.25798976,0.5375724,0.5546875,2.448363,2.8178158,0.18411428,0.047977287,0.041934136,0.15624057,0.19669205,0.07520579,0.057383846,0.24045204
f.mp4,14,1,5.0,0.36276725,0.19357005,0.05930593,0.53612113,0.023731394,0.028399723,1.2670265,0.581648,0.53913635,2.448363,2.8178158,0.1798915,0.04394053,0.03964714,0.15164194,0.1727487,0.073180616,0.056679197,0.28227037
f.mp4,15,1,3.0,0.38474476,0.19442008,0.09711602,0.53310585,0.025784861,0.0,2.262429,0.40001214,0.25683266,1.3556663,1.4163142,0.18059161,0.040007483,0.035105206,0.13966559,0.16690537,0.066277705,0.057881575,0.31356546
f.mp4,16,1,3.0,0.40905204,0.19062465,0.110108875,0.5843332,0.049878318,0.0,2.262429,0.34215632,0.17466152,0.92632216,0.83099186,0.1830792,0.04114971,0.0352237,0.14633794,0.16309068,0.06530212,0.057033923,0.30878273
f.mp4,17,0,4.0,0.41962782,0.17756198,0.13654223,0.68542784,0.045489077,0.0,1.9901686,0.35701182,0.30502027,1.3464621,1.0573593,0.16039744,0.03177773,0.02882897,0.14069615,0.21316074,0.07468589,0.056993347,0.29345974
f.mp4,18,0,4.0,0.39453688,0.17738856,0.14553823,0.728047,0.03376198,0.0,1.8628433,0.3768163,0.3260201,1.3464621,1.0573593,0.1517894,0.030986262,0.028078858,0.13697276,0.2194294,0.076747075,0.05838562,0.29761064
f.mp4,19,0,5.0,0.43553782,0.16839465,0.14300257,0.6479675,0.02050018,0.056008663,1.2988951,0.36612564,0.3281392,1.3464621,1.0573593,0.13995577,0.032595474,0.030875683,0.13429888,0.23339382,0.08683498,0.060391065,0.28165433
f.mp4,20,0,4.0,0.45361266,0.16481064,0.14893718,0.65419793,0.039682217,0.12589154,1.0887302,0.37432492,0.3248152,1.3464621,1.0573593,0.13620007,0.038531687,0.041820712,0.15939577,0.21923901,0.08596099,0.057961848,0.26088992
f.mp4,21,0,5.0,0.45361266,0.16774595,0.14893718,0.65419793,0.113714054,0.12589154,1.0887302,0.36788446,0.33179733,1.3464621,1.0573593,0.15297905,0.042514242,0.0451726,0.17759314,0.20437393,0.07417006,0.052792106,0.25040486
f.mp4,22,0,6.0,0.46356884,0.15920582,0.06309544,0.89399034,0.2808344,0.12589154,1.0887302,0.40000924,0.31290978,1.3464621,1.0573593,0.13817728,0.038890574,0.042580355,0.21757238,0.24638481,0.06030011,0.040636864,0.21545763
f.mp4,23,0,5.0,0.38131598,0.09821237,0.06622093,0.6243012,0.87231886,0.12589154,1.0887302,0.3824804,0.23082808,0.992294,0.64474624,0.11586652,0.030279761,0.035331324,0.25332698,0.3282183,0.045167908,0.029539373,0.16226982
f.mp4,24,0,9.0,0.22834948,0.0614857,0.0573038,0.49583793,0.5684041,0.94567513,0.024524847,0.39094618,0.24179398,1.0303335,0.6343064,0.112256214,0.025950003,0.03085163,0.2704428,0.36826608,0.03690353,0.023699548,0.13163017
f.mp4,25,0,9.0,0.27189127,0.02881468,0.08340057,0.46651646,2.4337826,0.94567513,0.024524847,0.55860144,0.45273936,2.1029565,1.2660764,0.12952577,0.021258006,0.025541348,0.27590236,0.37266475,0.025108827,0.016463662,0.1335353
f.mp4,26,0,6.0,0.23839867,0.03468562,0.117907465,-0.32293692,2.6498218,0.94567513,0.024524847,0.8799767,0.7811858,3.0558295,1.8561673,0.1607833,0.01270954,0.015200457,0.25243726,0.36964053,0.016139595,0.010576304,0.162513
f.mp4,27,0,6.0,0.2148,0.032638025,0.106236,-0.32293692,3.0974123,0.94567513,0.024524847,1.244204,0.84574354,3.0558295,1.8561673,0.17291635,0.007314828,0.010543366,0.2292133,0.36217603,0.017029893,0.012026947,0.18877926
f.mp4,28,0,6.0,0.1910811,0.032094482,0.094505094,-0.16138755,1.4008665,0.94567513,0.024524847,1.6123801,0.91546524,3.1875098,2.2629452,0.21324295,0.0047238283,0.00642085,0.19294247,0.31692943,0.016925761,0.012886154,0.23592854
f.mp4,29,0,8.0,0.17285357,0.0333353,0.0854901,0.3764892,1.0318981,0.94567513,0.014604046,1.9375939,0.852301,3.2791038,2.2629452,0.27907008,0.006208295,0.007889932,0.16332956,0.22368571,0.018263612,0.013422992,0.28812984
f.mp4,30,0,7.0,0.15642366,0.034408994,0.07736418,0.59772056,0.5337215,0.91827685,0.0069131795,2.129773,0.66018945,3.2791038,2.2629452,0.33070484,0.012814246,0.014604998,0.1342706,0.12843813,0.021436559,0.0154348,0.34229583
f.mp4,31,0,7.0,0.14665435,0.034534432,0.13014314,0.9610987,3.123077,0.91827685,0.0069131795,2.2460263,0.56127936,3.2791038,2.2629452,0.34857023,0.013644723,0.017058961,0.10836293,0.078216866,0.02288958,0.016459757,0.39479697
f.mp4,32,0,6.0,0.14665435,0.039480712,0.13014314,0.9610987,1.2791063,0.91827685,0.0069131795,2.207948,0.56253153,3.2791038,2.2629452,0.3355356,0.01425343,0.017313054,0.10470447,0.07170424,0.022245917,0.015788045,0.41845524
f.mp4,33,0,6.0,0.14665435,0.046546113,0.13014314,0.9610987,1.2791063,0.91827685,0.0069131795,2.254045,0.7022131,4.2551947,2.3679993,0.35026932,0.016572481,0.016730968,0.10193519,0.053424135,0.017033748,0.00984272,0.43419144
f.mp4,34,0,5.0,0.14665435,0.047955994,0.13014314,0.9610987,1.2791063,0.91827685,0.0069131795,2.3061209,0.8047629,4.3662167,3.5739174,0.3513495,0.01630065,0.016532881,0.100560166,0.042530883,0.016380407,0.013971316,0.4423742
f.mp4,35,0,7.0,0.14665435,0.054483533,0.13014314,0.9610987,1.2791063,0.91827685,0.0069131795,2.2385583,0.7878759,4.3662167,3.5739174,0.33572802,0.016123708,0.01609796,0.10593005,0.05840631,0.018253874,0.015089057,0.43437102
f.mp4,36,0,7.0,0.47223365,0.06224343,0.089562885,-0.47847804,0.6124762,0.106774256,0.9760714,2.5149145,0.96839666,4.9481845,3.9669938,0.31895906,0.010932666,0.009588116,0.14805876,0.06254986,0.015960608,0.015162917,0.41878802
f.mp4,37,0,6.0,0.47223365,0.06318108,0.089562885,0.057578847,0.8968171,0.0,1.5228109,3.592343,2.4673553,10.72988,7.3034797,0.25464016,0.01670017,0.017286638,0.20748414,0.09374987,0.022354526,0.021905575,0.3658789
f.mp4,38,0,6.0,0.4529512,0.08152952,0.121798635,0.9432187,2.4739938,0.0,1.5228109,4.688317,2.9515128,10.72988,9.302937,0.21486808,0.022335066,0.027422361,0.25078613,0.14211676,0.024968555,0.027186526,0.29031655
f.mp4,39,0,6.0,0.43334076,0.1103564,0.21122305,-1.420399,3.0965052,0.0,1.5228109,5.394036,2.913804,10.72988,9.302937,0.17638512,0.029279588,0.035797365,0.31297037,0.15928406,0.026267366,0.028379342,0.23163679
f.mp4,40,0,5.0,0.42358878,0.118891224,0.21122305,-4.634753,3.0965052,0.0,1.5228109,6.0390496,2.890079,11.310045,9.302937,0.14959215,0.03560837,0.03686752,0.33525229,0.21261649,0.02638929,0.024749756,0.17892414
f.mp4,41,0,5.0,0.41768712,0.15802512,0.2221366,-13.614453,2.0669594,0.0,1.6360396,6.9167833,2.3958185,11.310045,9.302937,0.11702392,0.03423877,0.034484148,0.3706668,0.24166971,0.027331185,0.025126135,0.14945933
f.mp4,42,0,2.0,0.46333662,0.25672927,0.24641417,-0.9127441,0.9673899,0.0,10.0,7.196548,2.011991,11.310045,9.302937,0.0889967,0.031646624,0.03266523,0.3632235,0.29346108,0.03220757,0.030191025,0.12760828
f.mp4,43,0,3.0,0.5078739,0.19589664,0.27010024,-0.3369066,1.0896027,0.0,2.1777778,6.6967998,1.973406,11.310045,9.302937,0.08447459,0.026593795,0.025690192,0.3373598,0.3747806,0.030412607,0.027109675,0.09357875
f.mp4,44,0,4.0,0.2295369,0.06951532,0.07250048,-0.44205657,3.03367,0.14702965,1.0053756,5.6979322,2.2653143,11.310045,7.886925,0.072427005,0.019330917,0.014917292,0.28701502,0.45815346,0.029105294,0.021919737,0.097131304
f.mp4,45,0,3.0,0.25690204,0.0650649,0.08114391,0.7252602,3.110321,0.14702965,1.0053756,4.838717,2.5542917,11.310045,7.886925,0.06971759,0.010463557,0.006161997,0.2248377,0.49670464,0.028514434,0.019685756,0.14391431
f.mp4,46,0,4.0,0.35808948,0.0729558,0.087556064,0.8838431,2.9801614,0.14702965,1.0053756,3.8835933,2.502589,9.686689,5.781065,0.06692935,0.0035618343,0.004700387,0.19301796,0.51367885,0.027960317,0.018718714,0.17143257
f.mp4,47,0,4.0,0.35808948,0.06773012,0.09057126,0.9168454,2.9278803,0.14702965,1.0053756,2.801555,2.0292523,7.2330394,4.6375685,0.07787724,0.0018402339,0.0034209886,0.12728657,0.56245255,0.024445184,0.016358342,0.1863189
f.mp4,48,0,5.0,0.35808948,0.06882142,0.093068264,0.94357663,2.6668625,0.14702965,1.0053756,2.115185,1.7939948,7.2330394,4.553253,0.09399171,0.0012819476,0.0026791845,0.08541384,0.5782874,0.02020315,0.009940687,0.20820205
f.mp4,49,0,5.0,0.35808948,0.06941836,0.107468344,0.9313155,0.44700915,0.14702965,1.0053756,1.3323734,0.82606757,4.2160964,3.4381213,0.10546162,0.0013898724,0.0027147317,0.10407526,0.5429323,0.01688405,0.007053031,0.21948914
f.mp4,50,0,5.0,0.36284897,0.0649663,0.076449364,0.5839815,0.655286,0.13696444,1.0232753,0.9858592,0.5107699,2.2172372,1.2114958,0.112617135,0.0030916834,0.0049871486,0.16679047,0.4848572,0.016009444,0.0075766295,0.20407028
f.mp4,51,0,5.0,0.18096904,0.059123944,0.08090786,0.5819083,0.23718128,0.1303718,1.0334768,0.7833519,0.3938606,1.7575895,1.1366897,0.109138295,0.004803673,0.008805044,0.21882047,0.48852032,0.01340603,0.0067663547,0.1497398
f.mp4,52,0,5.0,0.105938986,0.0681909,0.045767903,0.37775502,0.04019607,0.1303718,1.0334768,0.7382625,0.33393043,1.3776813,1.3357596,0.1128265,0.006008972,0.009324579,0.23612438,0.4653824,0.014657044,0.00813617,0.14753997
f.mp4,53,0,4.0,0.2712061,0.10435722,0.077631235,0.36949226,0.09043259,0.0,2.1455855,0.745068,0.34377772,1.4510661,1.3357596,0.1204065,0.0080023855,0.01126837,0.26046896,0.39369917,0.016967792,0.010286711,0.17890012
f.mp4,54,0,4.0,0.29143965,0.13565342,0.09189224,-0.0011846293,0.0251067,0.0,2.529537,0.650194,0.3290734,1.4510661,1.3357596,0.12800269,0.010158198,0.013599419,0.26326346,0.36332047,0.01829057,0.011900051,0.19146514
f.mp4,55,0,4.0,0.31289843,0.15823361,0.098658286,0.377017,0.025796235,0.0,2.529537,0.6006604,0.32261136,1.4510661,1.3357596,0.15079731,0.014954818,0.018023109,0.23094463,0.3147179,0.022605717,0.017549729,0.2304068
f.mp4,56,0,5.0,0.3355046,0.14851186,0.105786115,0.58187914,0.019226015,0.0,2.5021186,0.6408589,0.3353326,1.4510661,1.3357596,0.17732848,0.017626604,0.022075027,0.18013121,0.22660795,0.027024727,0.022355616,0.32685038
g.mp4,0,0,4.0,0.057992168,0.020436678,0.030335495,0.32100186,0.325329,0.97877485,0.00089804037,0.66223645,0.40699273,1.8409139,1.0533928,0.4665546,0.012533204,0.010524174,0.17666481,0.09778879,0.0017735212,0.0021884642,0.23197241
g.mp4,1,0,5.0,0.05283577,0.017871248,0.026602603,0.663396,1.2546825,0.98645455,0.00089804037,0.84467894,0.4924185,2.0368679,1.2136236,0.47232795,0.01252397,0.011135685,0.1852362,0.10396814,0.0027843083,0.0037547147,0.20826904
g.mp4,2,1,5.0,0.21673816,0.019115824,0.15170525,-0.51781297,2.5739026,0.98645455,0.00089804037,1.5855918,0.8898228,4.196483,2.6619315,0.41773555,0.011512603,0.009707092,0.15630664,0.1289146,0.011018136,0.008544388,0.25626102
g.mp4,3,1,5.0,0.45418212,0.041321106,0.2738199,-0.58023965,2.9210455,0.98645455,0.00089804037,1.7314534,0.8671929,4.196483,2.6619315,0.38823017,0.011100932,0.010123122,0.16276276,0.13316861,0.013105001,0.011783637,0.26972577
g.mp4,4,1,5.0,0.3676067,0.039931655,0.2216248,-0.58023965,2.8601294,0.98645455,0.0013367515,2.002056,0.9937309,4.30009,2.6619315,0.33771485,0.011291755,0.011576676,0.16919328,0.15464962,0.02169373,0.01713819,0.27674192
g.mp4,5,1,5.0,0.32894787,0.04663582,0.19831796,-1.1142861,2.3717866,0.9857452,0.0020130556,2.318475,1.1084043,4.9655766,3.0378337,0.29955128,0.015893783,0.01330261,0.1809893,0.16701028,0.025807543,0.017779516,0.27966568
g.mp4,6,1,4.0,0.297861,0.047366686,0.17957614,-0.13699271,1.8926489,0.9396858,0.0029382857,2.5355854,1.0855129,4.9655766,3.0378337,0.28226975,0.022288455,0.032555375,0.2091229,0.16067824,0.028024893,0.019704523,0.24535589
g.mp4,7,1,4.0,0.26959693,0.048536576,0.16253614,0.16631562,1.73258,0.47218725,0.42179975,2.6233366,0.982091,4.9655766,3.0378337,0.2412662,0.03227744,0.053070124,0.27682754,0.16815518,0.029482313,0.020545363,0.17837584
g.mp4,8,1,4.0,0.22135499,0.042736582,0.13769734,0.8863152,1.1060373,0.47218725,0.42179975,2.5122356,1.0425469,4.9655766,3.0378337,0.25682706,0.034356475,0.06273739,0.31716704,0.14326939,0.020578265,0.015631316,0.14943306
g.mp4,9,1,4.0,0.12537265,0.032471865,0.09352406,0.86115235,1.4207724,0.47218725,0.42179975,2.3483222,1.1866841,4.9655766,3.0378337,0.22573255,0.034559276,0.0639106,0.35161775,0.1550233,0.020327987,0.013591617,0.13523687
g.mp4,10,1,3.0,0.12805517,0.030293984,0.09427279,0.85873115,2.331322,0.07181247,1.0911783,1.9569933,1.269128,4.9655766,3.0378337,0.18942943,0.03485191,0.06392996,0.38926205,0.18036668,0.016503016,0.012708714,0.11294824
g.mp4,11,1,3.0,0.12419106,0.021712359,0.08596314,0.83912826,2.6063623,0.07181247,1.0911783,1.481314,1.1401861,4.1465745,2.6903353,0.15485187,0.03085438,0.06278865,0.42372245,0.20852458,0.017191136,0.015621997,0.08644492
g.mp4,12,1,4.0,0.12593256,0.017010532,0.087168574,0.91622096,3.0419562,0.07181247,1.0911783,1.2566622,1.279607,5.775843,5.4694443,0.114671715,0.025879772,0.046159856,0.40837482,0.25873262,0.02521195,0.02701006,0.09395922
g.mp4,13,1,3.0,0.11069039,0.014652433,0.06396715,0.8991354,2.687097,0.07181247,1.0911783,0.9176953,1.1029273,5.775843,5.4694443,0.108344294,0.017813452,0.030232606,0.36869502,0.29063272,0.031173116,0.03456713,0.118541665
g.mp4,14,1,3.0,0.097908214,0.013312363,0.060257904,0.6561247,2.7966135,0.052165717,1.3001403,0.70258325,0.96903545,5.775843,5.4694443,0.100041665,0.013766917,0.021338996,0.34628156,0.31277484,0.034356344,0.038033225,0.13340648
g.mp4,15,1,3.0,0.09222394,0.01755596,0.0567595,0.8629424,1.3947011,0.052165717,1.3001403,0.6692893,0.96335584,5.775843,5.4694443,0.11797307,0.012221091,0.017364992,0.30495596,0.32094553,0.036061164,0.042182293,0.14829591
g.mp4,16,1,4.0,0.120087795,0.025240755,0.052953124,0.7407841,2.1650758,0.0701921,0.9932311,0.7211568,0.96581477,5.775843,5.4694443,0.16616376,0.010672095,0.014684575,0.25834256,0.27961838,0.033694956,0.04220605,0.19461761
g.mp4,17,1,4.0,0.17845336,0.053319264,0.066911094,-0.38737202,0.20113915,0.07719213,0.91285723,0.8421306,0.9823839,5.775843,5.4694443,0.22856848,0.009471558,0.011690419,0.20830251,0.24323946,0.027822241,0.03717237,0.23373295
g.mp4,18,0,3.0,0.5190974,0.11089315,0.16669396,0.22389165,0.53275573,0.3877715,0.28035602,2.2194026,1.2971666,4.7399807,3.86753,0.15181462,0.0063837646,0.008018584,0.3778551,0.2953502,0.009581478,0.009840017,0.14115623
g.mp4,19,0,3.0,0.47952336,0.1087045,0.16669396,0.2748412,0.2758865,0.3877715,0.28035602,2.2971306,1.22234,4.7399807,3.86753,0.11354106,0.008479561,0.009160803,0.42535743,0.34065914,0.0073730713,0.005576877,0.08985203
g.mp4,20,0,3.0,0.43391484,0.10670054,0.16669396,0.21807364,0.49701193,0.3877715,0.28035602,2.3288138,1.1851475,4.7399807,3.86753,0.046273082,0.009364819,0.011742116,0.47558457,0.3964841,0.009631904,0.0060731764,0.04484622
g.mp4,21,0,3.0,0.37653726,0.09349616,0.14928073,-0.5915012,0.99984765,0.3877715,0.28035602,2.2446477,1.2410357,4.7399807,3.86753,0.047107268,0.012045876,0.0128848925,0.46155632,0.4011771,0.012809981,0.008277794,0.044140745
g.mp4,22,0,3.0,0.039397873,0.022273941,0.025145516,-0.47134963,0.59783876,0.37436637,0.3167804,1.7714188,1.2457681,4.5196104,3.86753,0.086799316,0.023545813,0.02380719,0.41779658,0.36434203,0.016338855,0.011051393,0.056318816
g.mp4,23,0,2.0,0.03697631,0.024270158,0.009078193,-0.3251142,0.104062974,0.0,10.0,1.5733396,1.2960478,6.108036,5.7887173,0.12683925,0.04307301,0.046140455,0.35578242,0.30525586,0.020663403,0.020537201,0.081708394
g.mp4,24,0,3.0,0.17771599,0.03506726,0.14000961,0.7956507,2.0375454,0.0,4.2234116,1.4281166,1.208426,6.108036,5.7887173,0.15055038,0.05250097,0.06245792,0.32791874,0.26782763,0.02255106,0.025527433,0.09066587
g.mp4,25,0,3.0,0.20237458,0.06095368,0.13381717,-0.49693468,2.911385,0.0,4.2234116,1.5265707,1.3098497,6.108036,5.7887173,0.16413386,0.053418938,0.06340969,0.29839122,0.24705091,0.04147888,0.041160382,0.090956114
g.mp4,26,0,3.0,0.27403575,0.13016428,0.14179884,-2.2991462,2.357933,0.0,4.2234116,1.7153331,1.3571111,6.108036,5.7887173,0.16651094,0.054280978,0.06213946,0.2740193,0.23055811,0.04825867,0.061307,0.102925524
g.mp4,27,0,4.0,0.27995545,0.12348093,0.14486197,-1.2957308,0.5781804,0.91059417,0.059445575,1.6232059,1.4085337,6.108036,5.7887173,0.18991879,0.049390417,0.058148824,0.23086925,0.20851344,0.050439995,0.06446701,0.14825228
g.mp4,28,0,4.0,0.27995545,0.098681346,0.14486197,0.073952116,0.5781804,0.91059417,0.059445575,1.6067824,1.421434,6.108036,5.7887173,0.19075131,0.039085753,0.04659296,0.19396727,0.19925395,0.054799285,0.07232387,0.2032256
g.mp4,29,0,4.0,0.27787292,0.07907396,0.13172211,0.37867698,0.2613727,0.91059417,0.059445575,1.2311527,1.0200497,2.884796,2.6227953,0.23987705,0.030335708,0.031611446,0.15835252,0.18912952,0.05010551,0.06698209,0.23360617
g.mp4,30,0,3.0,0.2853497,0.08027054,0.13526638,0.3394292,0.51500195,0.91059417,0.059445575,0.99895066,1.0058749,2.884796,2.6227953,0.2590706,0.04093469,0.037601084,0.15573522,0.1643357,0.046441622,0.061558872,0.2343222
g.mp4,31,0,3.0,0.31737715,0.07230709,0.15044859,0.74348974,0.19849585,0.91059417,0.059445575,0.7679167,0.792549,2.8207116,1.5103,0.25710303,0.041878376,0.03950414,0.18573308,0.1516553,0.033843253,0.05126928,0.23901355
g.mp4,32,0,3.0,0.19320469,0.059671175,0.116886556,-1.1170961,2.9475164,0.91059417,0.059445575,0.56233346,0.37035996,1.7313436,1.5103,0.316885,0.036225736,0.033877004,0.16233726,0.11868748,0.024068756,0.031940028,0.27597874
g.mp4,33,0,2.0,0.30155528,0.06590713,0.100705355,-1.489397,3.0690732,0.0,1.93459,0.90870297,0.919775,3.8996625,1.9768282,0.29772416,0.034330327,0.031297967,0.15299371,0.10077995,0.015756724,0.021777725,0.34533942
g.mp4,34,0,3.0,0.29369715,0.071645126,0.09808111,-0.48390543,3.043883,0.5755741,0.37229475,1.598238,1.5587511,5.472411,1.9768282,0.28839958,0.035054278,0.03208014,0.16990939,0.10357198,0.005095808,0.0065028593,0.35938597
g.mp4,35,0,3.0,0.28990045,0.0686691,0.09681319,0.06945149,3.0282793,0.5755741,0.37229475,2.528552,2.1699362,6.4717402,3.324589,0.280747,0.033775646,0.032592103,0.1837475,0.10469095,0.0049638636,0.005418459,0.3540645
g.mp4,36,0,3.0,0.28079668,0.064450294,0.093772955,0.13500038,2.5127628,0.5755741,0.37229475,3.387297,2.171441,6.4717402,3.324589,0.26349282,0.021448622,0.016947,0.18211956,0.13634771,0.005416416,0.005299052,0.36892885
g.mp4,37,0,3.0,0.27169487,0.06168985,0.09073338,0.21255746,2.8428028,0.5755741,0.37229475,4.06669,1.7785934,6.4717402,3.7936988,0.26633078,0.022294695,0.015318208,0.1651874,0.14469789,0.007464965,0.007521328,0.37118474
g.mp4,38,0,3.0,0.26311502,0.055012282,0.06831415,-0.042227942,2.7743247,0.5755741,0.37229475,4.6293106,1.3665442,6.4717402,3.7936988,0.21219116,0.033987977,0.02381225,0.23865345,0.14834051,0.008415919,0.009585944,0.3250128
g.mp4,39,0,3.0,0.062508285,0.020812625,0.04226367,-0.035791703,0.43024918,0.5755741,0.37229475,4.7198615,1.1930156,6.4717402,3.7936988,0.22273743,0.03692151,0.024765253,0.23920518,0.15956357,0.013806093,0.023294257,0.27970672
g.mp4,40,0,1.0,0.058938127,0.021171948,0.039849784,-0.009301547,0.060091797,0.0,10.0,4.6468067,1.2062854,6.4717402,3.7936988,0.2225823,0.037542827,0.0252553,0.22686903,0.14998592,0.027747894,0.042142373,0.26787433
g.mp4,41,0,1.0,0.060195725,0.020616213,0.04070008,0.07333971,1.8494369,0.0,10.0,4.407523,1.1027755,6.0730658,3.7936988,0.15926549,0.034318242,0.022288134,0.21150653,0.15124267,0.029138315,0.04385364,0.34838697
g.mp4,42,0,1.0,0.064236306,0.027151953,0.043432035,-0.41714215,3.1017175,0.0,10.0,3.784982,1.3262621,6.0730658,3.7936988,0.17134044,0.026891815,0.01955197,0.19524248,0.13442524,0.032692455,0.049203075,0.37065256
g.mp4,43,0,1.0,0.067453705,0.0326673,0.02231278,-1.4990183,2.4798825,0.0,10.0,3.1884465,1.5904194,6.0730658,3.5888212,0.18921547,0.025382381,0.018385362,0.18078333,0.115346655,0.031772617,0.048732784,0.39038143
g.mp4,44,0,1.0,0.08280878,0.0419308,0.027392032,-0.2345465,1.3868788,0.0,10.0,2.5462132,1.5602441,6.0730658,3.4789155,0.23630434,0.018372621,0.017637782,0.14886513,0.11827437,0.031297527,0.046897575,0.38235065
g.mp4,45,0,1.0,0.103994176,0.054197438,0.034399875,-0.08324492,0.09856866,0.0,10.0,2.1369987,1.6662848,6.0730658,3.4789155,0.22265738,0.02095712,0.024146968,0.2464842,0.11401841,0.026182301,0.033630256,0.31192335
g.mp4,46,0,2.0,0.1338244,0.0673971,0.06873323,0.36872777,0.076495014,0.51553386,0.45198166,1.5434064,1.5230551,6.0730658,3.2877913,0.23187667,0.0254708,0.028180426,0.28596058,0.1337238,0.015713148,0.01740541,0.2616692
g.mp4,47,0,2.0,0.1665931,0.076664925,0.08556349,0.65638417,0.0197335,0.51553386,0.45198166,0.84327364,0.519244,2.385479,1.8979722,0.24761488,0.028275652,0.031959232,0.3152878,0.18284933,0.019275095,0.01863726,0.15610076
g.mp4,48,0,3.0,0.18115999,0.068313695,0.100367926,0.65084696,0.051419925,0.51553386,0.45198166,0.68543696,0.3256016,1.5726929,1.2342954,0.22182207,0.03248971,0.037597634,0.36953685,0.20644778,0.01568643,0.012465786,0.10395373
g.mp4,49,0,3.0,0.21434766,0.071793064,0.118754864,0.6991885,0.052302126,0.51553386,0.45198166,0.82315487,0.55233175,2.4602242,1.5348563,0.20408174,0.031340368,0.037303764,0.3875136,0.22642344,0.015987875,0.010985204,0.08636399
g.mp4,50,0,4.0,0.23379475,0.07178153,0.12952912,0.6934302,0.0643848,0.51553386,0.018370042,1.0838916,0.8013881,2.7125266,1.995843,0.14325123,0.028297922,0.0317409,0.3926033,0.25596976,0.017124075,0.01165544,0.11935737
g.mp4,51,0,4.0,0.1345096,0.06723473,0.04789532,0.552311,0.13951255,0.51553386,0.018370042,1.5080569,1.1209433,4.0173388,2.1127002,0.14442205,0.022504874,0.023159426,0.33307308,0.30817676,0.019540692,0.013383235,0.1357399
g.mp4,52,0,4.0,0.1345096,0.07251158,0.050227076,0.46385184,0.26127043,0.7945136,0.018370042,1.7178636,1.0196127,4.0173388,2.1127002,0.11699803,0.016599782,0.018145429,0.33905163,0.33155766,0.020067938,0.014998116,0.1425814
g.mp4,53,0,5.0,0.14481854,0.07950119,0.05539041,0.46385184,0.07523357,0.7945136,0.018370042,2.015054,0.86265576,4.0173388,2.1127002,0.09694782,0.012145482,0.012901611,0.34462345,0.35241923,0.014774808,0.011837235,0.15435037
